date,data,change,pct_change,id,realtime_start,realtime_end,title,observation_start,observation_end,frequency,frequency_short,units,units_short,seasonal_adjustment,seasonal_adjustment_short,last_updated,popularity
01/2000,873.0,0.0,0.0,HSN1F,2020-06-15,2020-06-15,New One Family Houses Sold: United States,1963-01-01,2020-04-01,Monthly,M,Thousands,Thous.,Seasonally Adjusted Annual Rate,SAAR,2020-05-26 09:02:01-05,62
02/2000,856.0,-17.0,-1.947,HSN1F,2020-06-15,2020-06-15,New One Family Houses Sold: United States,1963-01-01,2020-04-01,Monthly,M,Thousands,Thous.,Seasonally Adjusted Annual Rate,SAAR,2020-05-26 09:02:01-05,62
03/2000,900.0,44.0,5.14,HSN1F,2020-06-15,2020-06-15,New One Family Houses Sold: United States,1963-01-01,2020-04-01,Monthly,M,Thousands,Thous.,Seasonally Adjusted Annual Rate,SAAR,2020-05-26 09:02:01-05,62
04/2000,841.0,-59.0,-6.556,HSN1F,2020-06-15,2020-06-15,New One Family Houses Sold: United States,1963-01-01,2020-04-01,Monthly,M,Thousands,Thous.,Seasonally Adjusted Annual Rate,SAAR,2020-05-26 09:02:01-05,62
05/2000,857.0,16.0,1.902,HSN1F,2020-06-15,2020-06-15,New One Family Houses Sold: United States,1963-01-01,2020-04-01,Monthly,M,Thousands,Thous.,Seasonally Adjusted Annual Rate,SAAR,2020-05-26 09:02:01-05,62
06/2000,793.0,-64.0,-7.468,HSN1F,2020-06-15,2020-06-15,New One Family Houses Sold: United States,1963-01-01,2020-04-01,Monthly,M,Thousands,Thous.,Seasonally Adjusted Annual Rate,SAAR,2020-05-26 09:02:01-05,62
07/2000,887.0,94.0,11.854,HSN1F,2020-06-15,2020-06-15,New One Family Houses Sold: United States,1963-01-01,2020-04-01,Monthly,M,Thousands,Thous.,Seasonally Adjusted Annual Rate,SAAR,2020-05-26 09:02:01-05,62
08/2000,848.0,-39.0,-4.397,HSN1F,2020-06-15,2020-06-15,New One Family Houses Sold: United States,1963-01-01,2020-04-01,Monthly,M,Thousands,Thous.,Seasonally Adjusted Annual Rate,SAAR,2020-05-26 09:02:01-05,62
09/2000,912.0,64.0,7.547,HSN1F,2020-06-15,2020-06-15,New One Family Houses Sold: United States,1963-01-01,2020-04-01,Monthly,M,Thousands,Thous.,Seasonally Adjusted Annual Rate,SAAR,2020-05-26 09:02:01-05,62
10/2000,933.0,21.0,2.303,HSN1F,2020-06-15,2020-06-15,New One Family Houses Sold: United States,1963-01-01,2020-04-01,Monthly,M,Thousands,Thous.,Seasonally Adjusted Annual Rate,SAAR,2020-05-26 09:02:01-05,62
11/2000,880.0,-53.0,-5.681,HSN1F,2020-06-15,2020-06-15,New One Family Houses Sold: United States,1963-01-01,2020-04-01,Monthly,M,Thousands,Thous.,Seasonally Adjusted Annual Rate,SAAR,2020-05-26 09:02:01-05,62
12/2000,983.0,103.0,11.705,HSN1F,2020-06-15,2020-06-15,New One Family Houses Sold: United States,1963-01-01,2020-04-01,Monthly,M,Thousands,Thous.,Seasonally Adjusted Annual Rate,SAAR,2020-05-26 09:02:01-05,62
01/2001,936.0,-47.0,-4.781,HSN1F,2020-06-15,2020-06-15,New One Family Houses Sold: United States,1963-01-01,2020-04-01,Monthly,M,Thousands,Thous.,Seasonally Adjusted Annual Rate,SAAR,2020-05-26 09:02:01-05,62
02/2001,963.0,27.0,2.885,HSN1F,2020-06-15,2020-06-15,New One Family Houses Sold: United States,1963-01-01,2020-04-01,Monthly,M,Thousands,Thous.,Seasonally Adjusted Annual Rate,SAAR,2020-05-26 09:02:01-05,62
03/2001,939.0,-24.0,-2.492,HSN1F,2020-06-15,2020-06-15,New One Family Houses Sold: United States,1963-01-01,2020-04-01,Monthly,M,Thousands,Thous.,Seasonally Adjusted Annual Rate,SAAR,2020-05-26 09:02:01-05,62
04/2001,909.0,-30.0,-3.195,HSN1F,2020-06-15,2020-06-15,New One Family Houses Sold: United States,1963-01-01,2020-04-01,Monthly,M,Thousands,Thous.,Seasonally Adjusted Annual Rate,SAAR,2020-05-26 09:02:01-05,62
05/2001,885.0,-24.0,-2.64,HSN1F,2020-06-15,2020-06-15,New One Family Houses Sold: United States,1963-01-01,2020-04-01,Monthly,M,Thousands,Thous.,Seasonally Adjusted Annual Rate,SAAR,2020-05-26 09:02:01-05,62
06/2001,882.0,-3.0,-0.339,HSN1F,2020-06-15,2020-06-15,New One Family Houses Sold: United States,1963-01-01,2020-04-01,Monthly,M,Thousands,Thous.,Seasonally Adjusted Annual Rate,SAAR,2020-05-26 09:02:01-05,62
07/2001,880.0,-2.0,-0.227,HSN1F,2020-06-15,2020-06-15,New One Family Houses Sold: United States,1963-01-01,2020-04-01,Monthly,M,Thousands,Thous.,Seasonally Adjusted Annual Rate,SAAR,2020-05-26 09:02:01-05,62
08/2001,866.0,-14.0,-1.591,HSN1F,2020-06-15,2020-06-15,New One Family Houses Sold: United States,1963-01-01,2020-04-01,Monthly,M,Thousands,Thous.,Seasonally Adjusted Annual Rate,SAAR,2020-05-26 09:02:01-05,62
09/2001,853.0,-13.0,-1.501,HSN1F,2020-06-15,2020-06-15,New One Family Houses Sold: United States,1963-01-01,2020-04-01,Monthly,M,Thousands,Thous.,Seasonally Adjusted Annual Rate,SAAR,2020-05-26 09:02:01-05,62
10/2001,871.0,18.0,2.11,HSN1F,2020-06-15,2020-06-15,New One Family Houses Sold: United States,1963-01-01,2020-04-01,Monthly,M,Thousands,Thous.,Seasonally Adjusted Annual Rate,SAAR,2020-05-26 09:02:01-05,62
11/2001,924.0,53.0,6.085,HSN1F,2020-06-15,2020-06-15,New One Family Houses Sold: United States,1963-01-01,2020-04-01,Monthly,M,Thousands,Thous.,Seasonally Adjusted Annual Rate,SAAR,2020-05-26 09:02:01-05,62
12/2001,979.0,55.0,5.952,HSN1F,2020-06-15,2020-06-15,New One Family Houses Sold: United States,1963-01-01,2020-04-01,Monthly,M,Thousands,Thous.,Seasonally Adjusted Annual Rate,SAAR,2020-05-26 09:02:01-05,62
01/2002,880.0,-99.0,-10.112,HSN1F,2020-06-15,2020-06-15,New One Family Houses Sold: United States,1963-01-01,2020-04-01,Monthly,M,Thousands,Thous.,Seasonally Adjusted Annual Rate,SAAR,2020-05-26 09:02:01-05,62
02/2002,948.0,68.0,7.727,HSN1F,2020-06-15,2020-06-15,New One Family Houses Sold: United States,1963-01-01,2020-04-01,Monthly,M,Thousands,Thous.,Seasonally Adjusted Annual Rate,SAAR,2020-05-26 09:02:01-05,62
03/2002,923.0,-25.0,-2.637,HSN1F,2020-06-15,2020-06-15,New One Family Houses Sold: United States,1963-01-01,2020-04-01,Monthly,M,Thousands,Thous.,Seasonally Adjusted Annual Rate,SAAR,2020-05-26 09:02:01-05,62
04/2002,936.0,13.0,1.408,HSN1F,2020-06-15,2020-06-15,New One Family Houses Sold: United States,1963-01-01,2020-04-01,Monthly,M,Thousands,Thous.,Seasonally Adjusted Annual Rate,SAAR,2020-05-26 09:02:01-05,62
05/2002,978.0,42.0,4.487,HSN1F,2020-06-15,2020-06-15,New One Family Houses Sold: United States,1963-01-01,2020-04-01,Monthly,M,Thousands,Thous.,Seasonally Adjusted Annual Rate,SAAR,2020-05-26 09:02:01-05,62
06/2002,957.0,-21.0,-2.147,HSN1F,2020-06-15,2020-06-15,New One Family Houses Sold: United States,1963-01-01,2020-04-01,Monthly,M,Thousands,Thous.,Seasonally Adjusted Annual Rate,SAAR,2020-05-26 09:02:01-05,62
07/2002,956.0,-1.0,-0.104,HSN1F,2020-06-15,2020-06-15,New One Family Houses Sold: United States,1963-01-01,2020-04-01,Monthly,M,Thousands,Thous.,Seasonally Adjusted Annual Rate,SAAR,2020-05-26 09:02:01-05,62
08/2002,1014.0,58.0,6.067,HSN1F,2020-06-15,2020-06-15,New One Family Houses Sold: United States,1963-01-01,2020-04-01,Monthly,M,Thousands,Thous.,Seasonally Adjusted Annual Rate,SAAR,2020-05-26 09:02:01-05,62
09/2002,1044.0,30.0,2.959,HSN1F,2020-06-15,2020-06-15,New One Family Houses Sold: United States,1963-01-01,2020-04-01,Monthly,M,Thousands,Thous.,Seasonally Adjusted Annual Rate,SAAR,2020-05-26 09:02:01-05,62
10/2002,1006.0,-38.0,-3.64,HSN1F,2020-06-15,2020-06-15,New One Family Houses Sold: United States,1963-01-01,2020-04-01,Monthly,M,Thousands,Thous.,Seasonally Adjusted Annual Rate,SAAR,2020-05-26 09:02:01-05,62
11/2002,1024.0,18.0,1.789,HSN1F,2020-06-15,2020-06-15,New One Family Houses Sold: United States,1963-01-01,2020-04-01,Monthly,M,Thousands,Thous.,Seasonally Adjusted Annual Rate,SAAR,2020-05-26 09:02:01-05,62
12/2002,1048.0,24.0,2.344,HSN1F,2020-06-15,2020-06-15,New One Family Houses Sold: United States,1963-01-01,2020-04-01,Monthly,M,Thousands,Thous.,Seasonally Adjusted Annual Rate,SAAR,2020-05-26 09:02:01-05,62
01/2003,999.0,-49.0,-4.676,HSN1F,2020-06-15,2020-06-15,New One Family Houses Sold: United States,1963-01-01,2020-04-01,Monthly,M,Thousands,Thous.,Seasonally Adjusted Annual Rate,SAAR,2020-05-26 09:02:01-05,62
02/2003,936.0,-63.0,-6.306,HSN1F,2020-06-15,2020-06-15,New One Family Houses Sold: United States,1963-01-01,2020-04-01,Monthly,M,Thousands,Thous.,Seasonally Adjusted Annual Rate,SAAR,2020-05-26 09:02:01-05,62
03/2003,999.0,63.0,6.731,HSN1F,2020-06-15,2020-06-15,New One Family Houses Sold: United States,1963-01-01,2020-04-01,Monthly,M,Thousands,Thous.,Seasonally Adjusted Annual Rate,SAAR,2020-05-26 09:02:01-05,62
04/2003,1012.0,13.0,1.301,HSN1F,2020-06-15,2020-06-15,New One Family Houses Sold: United States,1963-01-01,2020-04-01,Monthly,M,Thousands,Thous.,Seasonally Adjusted Annual Rate,SAAR,2020-05-26 09:02:01-05,62
05/2003,1078.0,66.0,6.522,HSN1F,2020-06-15,2020-06-15,New One Family Houses Sold: United States,1963-01-01,2020-04-01,Monthly,M,Thousands,Thous.,Seasonally Adjusted Annual Rate,SAAR,2020-05-26 09:02:01-05,62
06/2003,1193.0,115.0,10.668,HSN1F,2020-06-15,2020-06-15,New One Family Houses Sold: United States,1963-01-01,2020-04-01,Monthly,M,Thousands,Thous.,Seasonally Adjusted Annual Rate,SAAR,2020-05-26 09:02:01-05,62
07/2003,1168.0,-25.0,-2.096,HSN1F,2020-06-15,2020-06-15,New One Family Houses Sold: United States,1963-01-01,2020-04-01,Monthly,M,Thousands,Thous.,Seasonally Adjusted Annual Rate,SAAR,2020-05-26 09:02:01-05,62
08/2003,1206.0,38.0,3.253,HSN1F,2020-06-15,2020-06-15,New One Family Houses Sold: United States,1963-01-01,2020-04-01,Monthly,M,Thousands,Thous.,Seasonally Adjusted Annual Rate,SAAR,2020-05-26 09:02:01-05,62
09/2003,1131.0,-75.0,-6.219,HSN1F,2020-06-15,2020-06-15,New One Family Houses Sold: United States,1963-01-01,2020-04-01,Monthly,M,Thousands,Thous.,Seasonally Adjusted Annual Rate,SAAR,2020-05-26 09:02:01-05,62
10/2003,1144.0,13.0,1.149,HSN1F,2020-06-15,2020-06-15,New One Family Houses Sold: United States,1963-01-01,2020-04-01,Monthly,M,Thousands,Thous.,Seasonally Adjusted Annual Rate,SAAR,2020-05-26 09:02:01-05,62
11/2003,1093.0,-51.0,-4.458,HSN1F,2020-06-15,2020-06-15,New One Family Houses Sold: United States,1963-01-01,2020-04-01,Monthly,M,Thousands,Thous.,Seasonally Adjusted Annual Rate,SAAR,2020-05-26 09:02:01-05,62
12/2003,1129.0,36.0,3.294,HSN1F,2020-06-15,2020-06-15,New One Family Houses Sold: United States,1963-01-01,2020-04-01,Monthly,M,Thousands,Thous.,Seasonally Adjusted Annual Rate,SAAR,2020-05-26 09:02:01-05,62
01/2004,1165.0,36.0,3.189,HSN1F,2020-06-15,2020-06-15,New One Family Houses Sold: United States,1963-01-01,2020-04-01,Monthly,M,Thousands,Thous.,Seasonally Adjusted Annual Rate,SAAR,2020-05-26 09:02:01-05,62
02/2004,1159.0,-6.0,-0.515,HSN1F,2020-06-15,2020-06-15,New One Family Houses Sold: United States,1963-01-01,2020-04-01,Monthly,M,Thousands,Thous.,Seasonally Adjusted Annual Rate,SAAR,2020-05-26 09:02:01-05,62
03/2004,1276.0,117.0,10.095,HSN1F,2020-06-15,2020-06-15,New One Family Houses Sold: United States,1963-01-01,2020-04-01,Monthly,M,Thousands,Thous.,Seasonally Adjusted Annual Rate,SAAR,2020-05-26 09:02:01-05,62
04/2004,1186.0,-90.0,-7.053,HSN1F,2020-06-15,2020-06-15,New One Family Houses Sold: United States,1963-01-01,2020-04-01,Monthly,M,Thousands,Thous.,Seasonally Adjusted Annual Rate,SAAR,2020-05-26 09:02:01-05,62
05/2004,1241.0,55.0,4.637,HSN1F,2020-06-15,2020-06-15,New One Family Houses Sold: United States,1963-01-01,2020-04-01,Monthly,M,Thousands,Thous.,Seasonally Adjusted Annual Rate,SAAR,2020-05-26 09:02:01-05,62
06/2004,1180.0,-61.0,-4.915,HSN1F,2020-06-15,2020-06-15,New One Family Houses Sold: United States,1963-01-01,2020-04-01,Monthly,M,Thousands,Thous.,Seasonally Adjusted Annual Rate,SAAR,2020-05-26 09:02:01-05,62
07/2004,1088.0,-92.0,-7.797,HSN1F,2020-06-15,2020-06-15,New One Family Houses Sold: United States,1963-01-01,2020-04-01,Monthly,M,Thousands,Thous.,Seasonally Adjusted Annual Rate,SAAR,2020-05-26 09:02:01-05,62
08/2004,1175.0,87.0,7.996,HSN1F,2020-06-15,2020-06-15,New One Family Houses Sold: United States,1963-01-01,2020-04-01,Monthly,M,Thousands,Thous.,Seasonally Adjusted Annual Rate,SAAR,2020-05-26 09:02:01-05,62
09/2004,1214.0,39.0,3.319,HSN1F,2020-06-15,2020-06-15,New One Family Houses Sold: United States,1963-01-01,2020-04-01,Monthly,M,Thousands,Thous.,Seasonally Adjusted Annual Rate,SAAR,2020-05-26 09:02:01-05,62
10/2004,1305.0,91.0,7.496,HSN1F,2020-06-15,2020-06-15,New One Family Houses Sold: United States,1963-01-01,2020-04-01,Monthly,M,Thousands,Thous.,Seasonally Adjusted Annual Rate,SAAR,2020-05-26 09:02:01-05,62
11/2004,1179.0,-126.0,-9.655,HSN1F,2020-06-15,2020-06-15,New One Family Houses Sold: United States,1963-01-01,2020-04-01,Monthly,M,Thousands,Thous.,Seasonally Adjusted Annual Rate,SAAR,2020-05-26 09:02:01-05,62
12/2004,1242.0,63.0,5.344,HSN1F,2020-06-15,2020-06-15,New One Family Houses Sold: United States,1963-01-01,2020-04-01,Monthly,M,Thousands,Thous.,Seasonally Adjusted Annual Rate,SAAR,2020-05-26 09:02:01-05,62
01/2005,1203.0,-39.0,-3.14,HSN1F,2020-06-15,2020-06-15,New One Family Houses Sold: United States,1963-01-01,2020-04-01,Monthly,M,Thousands,Thous.,Seasonally Adjusted Annual Rate,SAAR,2020-05-26 09:02:01-05,62
02/2005,1319.0,116.0,9.643,HSN1F,2020-06-15,2020-06-15,New One Family Houses Sold: United States,1963-01-01,2020-04-01,Monthly,M,Thousands,Thous.,Seasonally Adjusted Annual Rate,SAAR,2020-05-26 09:02:01-05,62
03/2005,1328.0,9.0,0.682,HSN1F,2020-06-15,2020-06-15,New One Family Houses Sold: United States,1963-01-01,2020-04-01,Monthly,M,Thousands,Thous.,Seasonally Adjusted Annual Rate,SAAR,2020-05-26 09:02:01-05,62
04/2005,1260.0,-68.0,-5.12,HSN1F,2020-06-15,2020-06-15,New One Family Houses Sold: United States,1963-01-01,2020-04-01,Monthly,M,Thousands,Thous.,Seasonally Adjusted Annual Rate,SAAR,2020-05-26 09:02:01-05,62
05/2005,1286.0,26.0,2.063,HSN1F,2020-06-15,2020-06-15,New One Family Houses Sold: United States,1963-01-01,2020-04-01,Monthly,M,Thousands,Thous.,Seasonally Adjusted Annual Rate,SAAR,2020-05-26 09:02:01-05,62
06/2005,1274.0,-12.0,-0.933,HSN1F,2020-06-15,2020-06-15,New One Family Houses Sold: United States,1963-01-01,2020-04-01,Monthly,M,Thousands,Thous.,Seasonally Adjusted Annual Rate,SAAR,2020-05-26 09:02:01-05,62
07/2005,1389.0,115.0,9.027,HSN1F,2020-06-15,2020-06-15,New One Family Houses Sold: United States,1963-01-01,2020-04-01,Monthly,M,Thousands,Thous.,Seasonally Adjusted Annual Rate,SAAR,2020-05-26 09:02:01-05,62
08/2005,1255.0,-134.0,-9.647,HSN1F,2020-06-15,2020-06-15,New One Family Houses Sold: United States,1963-01-01,2020-04-01,Monthly,M,Thousands,Thous.,Seasonally Adjusted Annual Rate,SAAR,2020-05-26 09:02:01-05,62
09/2005,1244.0,-11.0,-0.876,HSN1F,2020-06-15,2020-06-15,New One Family Houses Sold: United States,1963-01-01,2020-04-01,Monthly,M,Thousands,Thous.,Seasonally Adjusted Annual Rate,SAAR,2020-05-26 09:02:01-05,62
10/2005,1336.0,92.0,7.395,HSN1F,2020-06-15,2020-06-15,New One Family Houses Sold: United States,1963-01-01,2020-04-01,Monthly,M,Thousands,Thous.,Seasonally Adjusted Annual Rate,SAAR,2020-05-26 09:02:01-05,62
11/2005,1214.0,-122.0,-9.132,HSN1F,2020-06-15,2020-06-15,New One Family Houses Sold: United States,1963-01-01,2020-04-01,Monthly,M,Thousands,Thous.,Seasonally Adjusted Annual Rate,SAAR,2020-05-26 09:02:01-05,62
12/2005,1239.0,25.0,2.059,HSN1F,2020-06-15,2020-06-15,New One Family Houses Sold: United States,1963-01-01,2020-04-01,Monthly,M,Thousands,Thous.,Seasonally Adjusted Annual Rate,SAAR,2020-05-26 09:02:01-05,62
01/2006,1174.0,-65.0,-5.246,HSN1F,2020-06-15,2020-06-15,New One Family Houses Sold: United States,1963-01-01,2020-04-01,Monthly,M,Thousands,Thous.,Seasonally Adjusted Annual Rate,SAAR,2020-05-26 09:02:01-05,62
02/2006,1061.0,-113.0,-9.625,HSN1F,2020-06-15,2020-06-15,New One Family Houses Sold: United States,1963-01-01,2020-04-01,Monthly,M,Thousands,Thous.,Seasonally Adjusted Annual Rate,SAAR,2020-05-26 09:02:01-05,62
03/2006,1116.0,55.0,5.184,HSN1F,2020-06-15,2020-06-15,New One Family Houses Sold: United States,1963-01-01,2020-04-01,Monthly,M,Thousands,Thous.,Seasonally Adjusted Annual Rate,SAAR,2020-05-26 09:02:01-05,62
04/2006,1123.0,7.0,0.627,HSN1F,2020-06-15,2020-06-15,New One Family Houses Sold: United States,1963-01-01,2020-04-01,Monthly,M,Thousands,Thous.,Seasonally Adjusted Annual Rate,SAAR,2020-05-26 09:02:01-05,62
05/2006,1086.0,-37.0,-3.295,HSN1F,2020-06-15,2020-06-15,New One Family Houses Sold: United States,1963-01-01,2020-04-01,Monthly,M,Thousands,Thous.,Seasonally Adjusted Annual Rate,SAAR,2020-05-26 09:02:01-05,62
06/2006,1074.0,-12.0,-1.105,HSN1F,2020-06-15,2020-06-15,New One Family Houses Sold: United States,1963-01-01,2020-04-01,Monthly,M,Thousands,Thous.,Seasonally Adjusted Annual Rate,SAAR,2020-05-26 09:02:01-05,62
07/2006,965.0,-109.0,-10.149,HSN1F,2020-06-15,2020-06-15,New One Family Houses Sold: United States,1963-01-01,2020-04-01,Monthly,M,Thousands,Thous.,Seasonally Adjusted Annual Rate,SAAR,2020-05-26 09:02:01-05,62
08/2006,1035.0,70.0,7.254,HSN1F,2020-06-15,2020-06-15,New One Family Houses Sold: United States,1963-01-01,2020-04-01,Monthly,M,Thousands,Thous.,Seasonally Adjusted Annual Rate,SAAR,2020-05-26 09:02:01-05,62
09/2006,1016.0,-19.0,-1.836,HSN1F,2020-06-15,2020-06-15,New One Family Houses Sold: United States,1963-01-01,2020-04-01,Monthly,M,Thousands,Thous.,Seasonally Adjusted Annual Rate,SAAR,2020-05-26 09:02:01-05,62
10/2006,941.0,-75.0,-7.382,HSN1F,2020-06-15,2020-06-15,New One Family Houses Sold: United States,1963-01-01,2020-04-01,Monthly,M,Thousands,Thous.,Seasonally Adjusted Annual Rate,SAAR,2020-05-26 09:02:01-05,62
11/2006,1003.0,62.0,6.589,HSN1F,2020-06-15,2020-06-15,New One Family Houses Sold: United States,1963-01-01,2020-04-01,Monthly,M,Thousands,Thous.,Seasonally Adjusted Annual Rate,SAAR,2020-05-26 09:02:01-05,62
12/2006,998.0,-5.0,-0.499,HSN1F,2020-06-15,2020-06-15,New One Family Houses Sold: United States,1963-01-01,2020-04-01,Monthly,M,Thousands,Thous.,Seasonally Adjusted Annual Rate,SAAR,2020-05-26 09:02:01-05,62
01/2007,891.0,-107.0,-10.721,HSN1F,2020-06-15,2020-06-15,New One Family Houses Sold: United States,1963-01-01,2020-04-01,Monthly,M,Thousands,Thous.,Seasonally Adjusted Annual Rate,SAAR,2020-05-26 09:02:01-05,62
02/2007,828.0,-63.0,-7.071,HSN1F,2020-06-15,2020-06-15,New One Family Houses Sold: United States,1963-01-01,2020-04-01,Monthly,M,Thousands,Thous.,Seasonally Adjusted Annual Rate,SAAR,2020-05-26 09:02:01-05,62
03/2007,833.0,5.0,0.604,HSN1F,2020-06-15,2020-06-15,New One Family Houses Sold: United States,1963-01-01,2020-04-01,Monthly,M,Thousands,Thous.,Seasonally Adjusted Annual Rate,SAAR,2020-05-26 09:02:01-05,62
04/2007,887.0,54.0,6.483,HSN1F,2020-06-15,2020-06-15,New One Family Houses Sold: United States,1963-01-01,2020-04-01,Monthly,M,Thousands,Thous.,Seasonally Adjusted Annual Rate,SAAR,2020-05-26 09:02:01-05,62
05/2007,842.0,-45.0,-5.073,HSN1F,2020-06-15,2020-06-15,New One Family Houses Sold: United States,1963-01-01,2020-04-01,Monthly,M,Thousands,Thous.,Seasonally Adjusted Annual Rate,SAAR,2020-05-26 09:02:01-05,62
06/2007,793.0,-49.0,-5.819,HSN1F,2020-06-15,2020-06-15,New One Family Houses Sold: United States,1963-01-01,2020-04-01,Monthly,M,Thousands,Thous.,Seasonally Adjusted Annual Rate,SAAR,2020-05-26 09:02:01-05,62
07/2007,778.0,-15.0,-1.892,HSN1F,2020-06-15,2020-06-15,New One Family Houses Sold: United States,1963-01-01,2020-04-01,Monthly,M,Thousands,Thous.,Seasonally Adjusted Annual Rate,SAAR,2020-05-26 09:02:01-05,62
08/2007,699.0,-79.0,-10.154,HSN1F,2020-06-15,2020-06-15,New One Family Houses Sold: United States,1963-01-01,2020-04-01,Monthly,M,Thousands,Thous.,Seasonally Adjusted Annual Rate,SAAR,2020-05-26 09:02:01-05,62
09/2007,686.0,-13.0,-1.86,HSN1F,2020-06-15,2020-06-15,New One Family Houses Sold: United States,1963-01-01,2020-04-01,Monthly,M,Thousands,Thous.,Seasonally Adjusted Annual Rate,SAAR,2020-05-26 09:02:01-05,62
10/2007,727.0,41.0,5.977,HSN1F,2020-06-15,2020-06-15,New One Family Houses Sold: United States,1963-01-01,2020-04-01,Monthly,M,Thousands,Thous.,Seasonally Adjusted Annual Rate,SAAR,2020-05-26 09:02:01-05,62
11/2007,641.0,-86.0,-11.829,HSN1F,2020-06-15,2020-06-15,New One Family Houses Sold: United States,1963-01-01,2020-04-01,Monthly,M,Thousands,Thous.,Seasonally Adjusted Annual Rate,SAAR,2020-05-26 09:02:01-05,62
12/2007,619.0,-22.0,-3.432,HSN1F,2020-06-15,2020-06-15,New One Family Houses Sold: United States,1963-01-01,2020-04-01,Monthly,M,Thousands,Thous.,Seasonally Adjusted Annual Rate,SAAR,2020-05-26 09:02:01-05,62
01/2008,627.0,8.0,1.292,HSN1F,2020-06-15,2020-06-15,New One Family Houses Sold: United States,1963-01-01,2020-04-01,Monthly,M,Thousands,Thous.,Seasonally Adjusted Annual Rate,SAAR,2020-05-26 09:02:01-05,62
02/2008,593.0,-34.0,-5.423,HSN1F,2020-06-15,2020-06-15,New One Family Houses Sold: United States,1963-01-01,2020-04-01,Monthly,M,Thousands,Thous.,Seasonally Adjusted Annual Rate,SAAR,2020-05-26 09:02:01-05,62
03/2008,535.0,-58.0,-9.781,HSN1F,2020-06-15,2020-06-15,New One Family Houses Sold: United States,1963-01-01,2020-04-01,Monthly,M,Thousands,Thous.,Seasonally Adjusted Annual Rate,SAAR,2020-05-26 09:02:01-05,62
04/2008,536.0,1.0,0.187,HSN1F,2020-06-15,2020-06-15,New One Family Houses Sold: United States,1963-01-01,2020-04-01,Monthly,M,Thousands,Thous.,Seasonally Adjusted Annual Rate,SAAR,2020-05-26 09:02:01-05,62
05/2008,504.0,-32.0,-5.97,HSN1F,2020-06-15,2020-06-15,New One Family Houses Sold: United States,1963-01-01,2020-04-01,Monthly,M,Thousands,Thous.,Seasonally Adjusted Annual Rate,SAAR,2020-05-26 09:02:01-05,62
06/2008,487.0,-17.0,-3.373,HSN1F,2020-06-15,2020-06-15,New One Family Houses Sold: United States,1963-01-01,2020-04-01,Monthly,M,Thousands,Thous.,Seasonally Adjusted Annual Rate,SAAR,2020-05-26 09:02:01-05,62
07/2008,477.0,-10.0,-2.053,HSN1F,2020-06-15,2020-06-15,New One Family Houses Sold: United States,1963-01-01,2020-04-01,Monthly,M,Thousands,Thous.,Seasonally Adjusted Annual Rate,SAAR,2020-05-26 09:02:01-05,62
08/2008,435.0,-42.0,-8.805,HSN1F,2020-06-15,2020-06-15,New One Family Houses Sold: United States,1963-01-01,2020-04-01,Monthly,M,Thousands,Thous.,Seasonally Adjusted Annual Rate,SAAR,2020-05-26 09:02:01-05,62
09/2008,433.0,-2.0,-0.46,HSN1F,2020-06-15,2020-06-15,New One Family Houses Sold: United States,1963-01-01,2020-04-01,Monthly,M,Thousands,Thous.,Seasonally Adjusted Annual Rate,SAAR,2020-05-26 09:02:01-05,62
10/2008,393.0,-40.0,-9.238,HSN1F,2020-06-15,2020-06-15,New One Family Houses Sold: United States,1963-01-01,2020-04-01,Monthly,M,Thousands,Thous.,Seasonally Adjusted Annual Rate,SAAR,2020-05-26 09:02:01-05,62
11/2008,389.0,-4.0,-1.018,HSN1F,2020-06-15,2020-06-15,New One Family Houses Sold: United States,1963-01-01,2020-04-01,Monthly,M,Thousands,Thous.,Seasonally Adjusted Annual Rate,SAAR,2020-05-26 09:02:01-05,62
12/2008,377.0,-12.0,-3.085,HSN1F,2020-06-15,2020-06-15,New One Family Houses Sold: United States,1963-01-01,2020-04-01,Monthly,M,Thousands,Thous.,Seasonally Adjusted Annual Rate,SAAR,2020-05-26 09:02:01-05,62
01/2009,336.0,-41.0,-10.875,HSN1F,2020-06-15,2020-06-15,New One Family Houses Sold: United States,1963-01-01,2020-04-01,Monthly,M,Thousands,Thous.,Seasonally Adjusted Annual Rate,SAAR,2020-05-26 09:02:01-05,62
02/2009,372.0,36.0,10.714,HSN1F,2020-06-15,2020-06-15,New One Family Houses Sold: United States,1963-01-01,2020-04-01,Monthly,M,Thousands,Thous.,Seasonally Adjusted Annual Rate,SAAR,2020-05-26 09:02:01-05,62
03/2009,339.0,-33.0,-8.871,HSN1F,2020-06-15,2020-06-15,New One Family Houses Sold: United States,1963-01-01,2020-04-01,Monthly,M,Thousands,Thous.,Seasonally Adjusted Annual Rate,SAAR,2020-05-26 09:02:01-05,62
04/2009,337.0,-2.0,-0.59,HSN1F,2020-06-15,2020-06-15,New One Family Houses Sold: United States,1963-01-01,2020-04-01,Monthly,M,Thousands,Thous.,Seasonally Adjusted Annual Rate,SAAR,2020-05-26 09:02:01-05,62
05/2009,376.0,39.0,11.573,HSN1F,2020-06-15,2020-06-15,New One Family Houses Sold: United States,1963-01-01,2020-04-01,Monthly,M,Thousands,Thous.,Seasonally Adjusted Annual Rate,SAAR,2020-05-26 09:02:01-05,62
06/2009,393.0,17.0,4.521,HSN1F,2020-06-15,2020-06-15,New One Family Houses Sold: United States,1963-01-01,2020-04-01,Monthly,M,Thousands,Thous.,Seasonally Adjusted Annual Rate,SAAR,2020-05-26 09:02:01-05,62
07/2009,411.0,18.0,4.58,HSN1F,2020-06-15,2020-06-15,New One Family Houses Sold: United States,1963-01-01,2020-04-01,Monthly,M,Thousands,Thous.,Seasonally Adjusted Annual Rate,SAAR,2020-05-26 09:02:01-05,62
08/2009,418.0,7.0,1.703,HSN1F,2020-06-15,2020-06-15,New One Family Houses Sold: United States,1963-01-01,2020-04-01,Monthly,M,Thousands,Thous.,Seasonally Adjusted Annual Rate,SAAR,2020-05-26 09:02:01-05,62
09/2009,386.0,-32.0,-7.656,HSN1F,2020-06-15,2020-06-15,New One Family Houses Sold: United States,1963-01-01,2020-04-01,Monthly,M,Thousands,Thous.,Seasonally Adjusted Annual Rate,SAAR,2020-05-26 09:02:01-05,62
10/2009,396.0,10.0,2.591,HSN1F,2020-06-15,2020-06-15,New One Family Houses Sold: United States,1963-01-01,2020-04-01,Monthly,M,Thousands,Thous.,Seasonally Adjusted Annual Rate,SAAR,2020-05-26 09:02:01-05,62
11/2009,375.0,-21.0,-5.303,HSN1F,2020-06-15,2020-06-15,New One Family Houses Sold: United States,1963-01-01,2020-04-01,Monthly,M,Thousands,Thous.,Seasonally Adjusted Annual Rate,SAAR,2020-05-26 09:02:01-05,62
12/2009,352.0,-23.0,-6.133,HSN1F,2020-06-15,2020-06-15,New One Family Houses Sold: United States,1963-01-01,2020-04-01,Monthly,M,Thousands,Thous.,Seasonally Adjusted Annual Rate,SAAR,2020-05-26 09:02:01-05,62
01/2010,345.0,-7.0,-1.989,HSN1F,2020-06-15,2020-06-15,New One Family Houses Sold: United States,1963-01-01,2020-04-01,Monthly,M,Thousands,Thous.,Seasonally Adjusted Annual Rate,SAAR,2020-05-26 09:02:01-05,62
02/2010,336.0,-9.0,-2.609,HSN1F,2020-06-15,2020-06-15,New One Family Houses Sold: United States,1963-01-01,2020-04-01,Monthly,M,Thousands,Thous.,Seasonally Adjusted Annual Rate,SAAR,2020-05-26 09:02:01-05,62
03/2010,381.0,45.0,13.393,HSN1F,2020-06-15,2020-06-15,New One Family Houses Sold: United States,1963-01-01,2020-04-01,Monthly,M,Thousands,Thous.,Seasonally Adjusted Annual Rate,SAAR,2020-05-26 09:02:01-05,62
04/2010,422.0,41.0,10.761,HSN1F,2020-06-15,2020-06-15,New One Family Houses Sold: United States,1963-01-01,2020-04-01,Monthly,M,Thousands,Thous.,Seasonally Adjusted Annual Rate,SAAR,2020-05-26 09:02:01-05,62
05/2010,280.0,-142.0,-33.649,HSN1F,2020-06-15,2020-06-15,New One Family Houses Sold: United States,1963-01-01,2020-04-01,Monthly,M,Thousands,Thous.,Seasonally Adjusted Annual Rate,SAAR,2020-05-26 09:02:01-05,62
06/2010,305.0,25.0,8.929,HSN1F,2020-06-15,2020-06-15,New One Family Houses Sold: United States,1963-01-01,2020-04-01,Monthly,M,Thousands,Thous.,Seasonally Adjusted Annual Rate,SAAR,2020-05-26 09:02:01-05,62
07/2010,283.0,-22.0,-7.213,HSN1F,2020-06-15,2020-06-15,New One Family Houses Sold: United States,1963-01-01,2020-04-01,Monthly,M,Thousands,Thous.,Seasonally Adjusted Annual Rate,SAAR,2020-05-26 09:02:01-05,62
08/2010,282.0,-1.0,-0.353,HSN1F,2020-06-15,2020-06-15,New One Family Houses Sold: United States,1963-01-01,2020-04-01,Monthly,M,Thousands,Thous.,Seasonally Adjusted Annual Rate,SAAR,2020-05-26 09:02:01-05,62
09/2010,317.0,35.0,12.411,HSN1F,2020-06-15,2020-06-15,New One Family Houses Sold: United States,1963-01-01,2020-04-01,Monthly,M,Thousands,Thous.,Seasonally Adjusted Annual Rate,SAAR,2020-05-26 09:02:01-05,62
10/2010,291.0,-26.0,-8.202,HSN1F,2020-06-15,2020-06-15,New One Family Houses Sold: United States,1963-01-01,2020-04-01,Monthly,M,Thousands,Thous.,Seasonally Adjusted Annual Rate,SAAR,2020-05-26 09:02:01-05,62
11/2010,287.0,-4.0,-1.375,HSN1F,2020-06-15,2020-06-15,New One Family Houses Sold: United States,1963-01-01,2020-04-01,Monthly,M,Thousands,Thous.,Seasonally Adjusted Annual Rate,SAAR,2020-05-26 09:02:01-05,62
12/2010,326.0,39.0,13.589,HSN1F,2020-06-15,2020-06-15,New One Family Houses Sold: United States,1963-01-01,2020-04-01,Monthly,M,Thousands,Thous.,Seasonally Adjusted Annual Rate,SAAR,2020-05-26 09:02:01-05,62
01/2011,307.0,-19.0,-5.828,HSN1F,2020-06-15,2020-06-15,New One Family Houses Sold: United States,1963-01-01,2020-04-01,Monthly,M,Thousands,Thous.,Seasonally Adjusted Annual Rate,SAAR,2020-05-26 09:02:01-05,62
02/2011,270.0,-37.0,-12.052,HSN1F,2020-06-15,2020-06-15,New One Family Houses Sold: United States,1963-01-01,2020-04-01,Monthly,M,Thousands,Thous.,Seasonally Adjusted Annual Rate,SAAR,2020-05-26 09:02:01-05,62
03/2011,300.0,30.0,11.111,HSN1F,2020-06-15,2020-06-15,New One Family Houses Sold: United States,1963-01-01,2020-04-01,Monthly,M,Thousands,Thous.,Seasonally Adjusted Annual Rate,SAAR,2020-05-26 09:02:01-05,62
04/2011,310.0,10.0,3.333,HSN1F,2020-06-15,2020-06-15,New One Family Houses Sold: United States,1963-01-01,2020-04-01,Monthly,M,Thousands,Thous.,Seasonally Adjusted Annual Rate,SAAR,2020-05-26 09:02:01-05,62
05/2011,305.0,-5.0,-1.613,HSN1F,2020-06-15,2020-06-15,New One Family Houses Sold: United States,1963-01-01,2020-04-01,Monthly,M,Thousands,Thous.,Seasonally Adjusted Annual Rate,SAAR,2020-05-26 09:02:01-05,62
06/2011,301.0,-4.0,-1.311,HSN1F,2020-06-15,2020-06-15,New One Family Houses Sold: United States,1963-01-01,2020-04-01,Monthly,M,Thousands,Thous.,Seasonally Adjusted Annual Rate,SAAR,2020-05-26 09:02:01-05,62
07/2011,296.0,-5.0,-1.661,HSN1F,2020-06-15,2020-06-15,New One Family Houses Sold: United States,1963-01-01,2020-04-01,Monthly,M,Thousands,Thous.,Seasonally Adjusted Annual Rate,SAAR,2020-05-26 09:02:01-05,62
08/2011,299.0,3.0,1.014,HSN1F,2020-06-15,2020-06-15,New One Family Houses Sold: United States,1963-01-01,2020-04-01,Monthly,M,Thousands,Thous.,Seasonally Adjusted Annual Rate,SAAR,2020-05-26 09:02:01-05,62
09/2011,304.0,5.0,1.672,HSN1F,2020-06-15,2020-06-15,New One Family Houses Sold: United States,1963-01-01,2020-04-01,Monthly,M,Thousands,Thous.,Seasonally Adjusted Annual Rate,SAAR,2020-05-26 09:02:01-05,62
10/2011,316.0,12.0,3.947,HSN1F,2020-06-15,2020-06-15,New One Family Houses Sold: United States,1963-01-01,2020-04-01,Monthly,M,Thousands,Thous.,Seasonally Adjusted Annual Rate,SAAR,2020-05-26 09:02:01-05,62
11/2011,328.0,12.0,3.797,HSN1F,2020-06-15,2020-06-15,New One Family Houses Sold: United States,1963-01-01,2020-04-01,Monthly,M,Thousands,Thous.,Seasonally Adjusted Annual Rate,SAAR,2020-05-26 09:02:01-05,62
12/2011,341.0,13.0,3.963,HSN1F,2020-06-15,2020-06-15,New One Family Houses Sold: United States,1963-01-01,2020-04-01,Monthly,M,Thousands,Thous.,Seasonally Adjusted Annual Rate,SAAR,2020-05-26 09:02:01-05,62
01/2012,335.0,-6.0,-1.76,HSN1F,2020-06-15,2020-06-15,New One Family Houses Sold: United States,1963-01-01,2020-04-01,Monthly,M,Thousands,Thous.,Seasonally Adjusted Annual Rate,SAAR,2020-05-26 09:02:01-05,62
02/2012,366.0,31.0,9.254,HSN1F,2020-06-15,2020-06-15,New One Family Houses Sold: United States,1963-01-01,2020-04-01,Monthly,M,Thousands,Thous.,Seasonally Adjusted Annual Rate,SAAR,2020-05-26 09:02:01-05,62
03/2012,354.0,-12.0,-3.279,HSN1F,2020-06-15,2020-06-15,New One Family Houses Sold: United States,1963-01-01,2020-04-01,Monthly,M,Thousands,Thous.,Seasonally Adjusted Annual Rate,SAAR,2020-05-26 09:02:01-05,62
04/2012,354.0,0.0,0.0,HSN1F,2020-06-15,2020-06-15,New One Family Houses Sold: United States,1963-01-01,2020-04-01,Monthly,M,Thousands,Thous.,Seasonally Adjusted Annual Rate,SAAR,2020-05-26 09:02:01-05,62
05/2012,370.0,16.0,4.52,HSN1F,2020-06-15,2020-06-15,New One Family Houses Sold: United States,1963-01-01,2020-04-01,Monthly,M,Thousands,Thous.,Seasonally Adjusted Annual Rate,SAAR,2020-05-26 09:02:01-05,62
06/2012,360.0,-10.0,-2.703,HSN1F,2020-06-15,2020-06-15,New One Family Houses Sold: United States,1963-01-01,2020-04-01,Monthly,M,Thousands,Thous.,Seasonally Adjusted Annual Rate,SAAR,2020-05-26 09:02:01-05,62
07/2012,369.0,9.0,2.5,HSN1F,2020-06-15,2020-06-15,New One Family Houses Sold: United States,1963-01-01,2020-04-01,Monthly,M,Thousands,Thous.,Seasonally Adjusted Annual Rate,SAAR,2020-05-26 09:02:01-05,62
08/2012,375.0,6.0,1.626,HSN1F,2020-06-15,2020-06-15,New One Family Houses Sold: United States,1963-01-01,2020-04-01,Monthly,M,Thousands,Thous.,Seasonally Adjusted Annual Rate,SAAR,2020-05-26 09:02:01-05,62
09/2012,385.0,10.0,2.667,HSN1F,2020-06-15,2020-06-15,New One Family Houses Sold: United States,1963-01-01,2020-04-01,Monthly,M,Thousands,Thous.,Seasonally Adjusted Annual Rate,SAAR,2020-05-26 09:02:01-05,62
10/2012,358.0,-27.0,-7.013,HSN1F,2020-06-15,2020-06-15,New One Family Houses Sold: United States,1963-01-01,2020-04-01,Monthly,M,Thousands,Thous.,Seasonally Adjusted Annual Rate,SAAR,2020-05-26 09:02:01-05,62
11/2012,392.0,34.0,9.497,HSN1F,2020-06-15,2020-06-15,New One Family Houses Sold: United States,1963-01-01,2020-04-01,Monthly,M,Thousands,Thous.,Seasonally Adjusted Annual Rate,SAAR,2020-05-26 09:02:01-05,62
12/2012,399.0,7.0,1.786,HSN1F,2020-06-15,2020-06-15,New One Family Houses Sold: United States,1963-01-01,2020-04-01,Monthly,M,Thousands,Thous.,Seasonally Adjusted Annual Rate,SAAR,2020-05-26 09:02:01-05,62
01/2013,446.0,47.0,11.779,HSN1F,2020-06-15,2020-06-15,New One Family Houses Sold: United States,1963-01-01,2020-04-01,Monthly,M,Thousands,Thous.,Seasonally Adjusted Annual Rate,SAAR,2020-05-26 09:02:01-05,62
02/2013,447.0,1.0,0.224,HSN1F,2020-06-15,2020-06-15,New One Family Houses Sold: United States,1963-01-01,2020-04-01,Monthly,M,Thousands,Thous.,Seasonally Adjusted Annual Rate,SAAR,2020-05-26 09:02:01-05,62
03/2013,444.0,-3.0,-0.671,HSN1F,2020-06-15,2020-06-15,New One Family Houses Sold: United States,1963-01-01,2020-04-01,Monthly,M,Thousands,Thous.,Seasonally Adjusted Annual Rate,SAAR,2020-05-26 09:02:01-05,62
04/2013,441.0,-3.0,-0.676,HSN1F,2020-06-15,2020-06-15,New One Family Houses Sold: United States,1963-01-01,2020-04-01,Monthly,M,Thousands,Thous.,Seasonally Adjusted Annual Rate,SAAR,2020-05-26 09:02:01-05,62
05/2013,428.0,-13.0,-2.948,HSN1F,2020-06-15,2020-06-15,New One Family Houses Sold: United States,1963-01-01,2020-04-01,Monthly,M,Thousands,Thous.,Seasonally Adjusted Annual Rate,SAAR,2020-05-26 09:02:01-05,62
06/2013,470.0,42.0,9.813,HSN1F,2020-06-15,2020-06-15,New One Family Houses Sold: United States,1963-01-01,2020-04-01,Monthly,M,Thousands,Thous.,Seasonally Adjusted Annual Rate,SAAR,2020-05-26 09:02:01-05,62
07/2013,375.0,-95.0,-20.213,HSN1F,2020-06-15,2020-06-15,New One Family Houses Sold: United States,1963-01-01,2020-04-01,Monthly,M,Thousands,Thous.,Seasonally Adjusted Annual Rate,SAAR,2020-05-26 09:02:01-05,62
08/2013,381.0,6.0,1.6,HSN1F,2020-06-15,2020-06-15,New One Family Houses Sold: United States,1963-01-01,2020-04-01,Monthly,M,Thousands,Thous.,Seasonally Adjusted Annual Rate,SAAR,2020-05-26 09:02:01-05,62
09/2013,403.0,22.0,5.774,HSN1F,2020-06-15,2020-06-15,New One Family Houses Sold: United States,1963-01-01,2020-04-01,Monthly,M,Thousands,Thous.,Seasonally Adjusted Annual Rate,SAAR,2020-05-26 09:02:01-05,62
10/2013,444.0,41.0,10.174,HSN1F,2020-06-15,2020-06-15,New One Family Houses Sold: United States,1963-01-01,2020-04-01,Monthly,M,Thousands,Thous.,Seasonally Adjusted Annual Rate,SAAR,2020-05-26 09:02:01-05,62
11/2013,446.0,2.0,0.45,HSN1F,2020-06-15,2020-06-15,New One Family Houses Sold: United States,1963-01-01,2020-04-01,Monthly,M,Thousands,Thous.,Seasonally Adjusted Annual Rate,SAAR,2020-05-26 09:02:01-05,62
12/2013,433.0,-13.0,-2.915,HSN1F,2020-06-15,2020-06-15,New One Family Houses Sold: United States,1963-01-01,2020-04-01,Monthly,M,Thousands,Thous.,Seasonally Adjusted Annual Rate,SAAR,2020-05-26 09:02:01-05,62
01/2014,443.0,10.0,2.309,HSN1F,2020-06-15,2020-06-15,New One Family Houses Sold: United States,1963-01-01,2020-04-01,Monthly,M,Thousands,Thous.,Seasonally Adjusted Annual Rate,SAAR,2020-05-26 09:02:01-05,62
02/2014,420.0,-23.0,-5.192,HSN1F,2020-06-15,2020-06-15,New One Family Houses Sold: United States,1963-01-01,2020-04-01,Monthly,M,Thousands,Thous.,Seasonally Adjusted Annual Rate,SAAR,2020-05-26 09:02:01-05,62
03/2014,405.0,-15.0,-3.571,HSN1F,2020-06-15,2020-06-15,New One Family Houses Sold: United States,1963-01-01,2020-04-01,Monthly,M,Thousands,Thous.,Seasonally Adjusted Annual Rate,SAAR,2020-05-26 09:02:01-05,62
04/2014,403.0,-2.0,-0.494,HSN1F,2020-06-15,2020-06-15,New One Family Houses Sold: United States,1963-01-01,2020-04-01,Monthly,M,Thousands,Thous.,Seasonally Adjusted Annual Rate,SAAR,2020-05-26 09:02:01-05,62
05/2014,451.0,48.0,11.911,HSN1F,2020-06-15,2020-06-15,New One Family Houses Sold: United States,1963-01-01,2020-04-01,Monthly,M,Thousands,Thous.,Seasonally Adjusted Annual Rate,SAAR,2020-05-26 09:02:01-05,62
06/2014,418.0,-33.0,-7.317,HSN1F,2020-06-15,2020-06-15,New One Family Houses Sold: United States,1963-01-01,2020-04-01,Monthly,M,Thousands,Thous.,Seasonally Adjusted Annual Rate,SAAR,2020-05-26 09:02:01-05,62
07/2014,402.0,-16.0,-3.828,HSN1F,2020-06-15,2020-06-15,New One Family Houses Sold: United States,1963-01-01,2020-04-01,Monthly,M,Thousands,Thous.,Seasonally Adjusted Annual Rate,SAAR,2020-05-26 09:02:01-05,62
08/2014,456.0,54.0,13.433,HSN1F,2020-06-15,2020-06-15,New One Family Houses Sold: United States,1963-01-01,2020-04-01,Monthly,M,Thousands,Thous.,Seasonally Adjusted Annual Rate,SAAR,2020-05-26 09:02:01-05,62
09/2014,470.0,14.0,3.07,HSN1F,2020-06-15,2020-06-15,New One Family Houses Sold: United States,1963-01-01,2020-04-01,Monthly,M,Thousands,Thous.,Seasonally Adjusted Annual Rate,SAAR,2020-05-26 09:02:01-05,62
10/2014,476.0,6.0,1.277,HSN1F,2020-06-15,2020-06-15,New One Family Houses Sold: United States,1963-01-01,2020-04-01,Monthly,M,Thousands,Thous.,Seasonally Adjusted Annual Rate,SAAR,2020-05-26 09:02:01-05,62
11/2014,442.0,-34.0,-7.143,HSN1F,2020-06-15,2020-06-15,New One Family Houses Sold: United States,1963-01-01,2020-04-01,Monthly,M,Thousands,Thous.,Seasonally Adjusted Annual Rate,SAAR,2020-05-26 09:02:01-05,62
12/2014,497.0,55.0,12.443,HSN1F,2020-06-15,2020-06-15,New One Family Houses Sold: United States,1963-01-01,2020-04-01,Monthly,M,Thousands,Thous.,Seasonally Adjusted Annual Rate,SAAR,2020-05-26 09:02:01-05,62
01/2015,515.0,18.0,3.622,HSN1F,2020-06-15,2020-06-15,New One Family Houses Sold: United States,1963-01-01,2020-04-01,Monthly,M,Thousands,Thous.,Seasonally Adjusted Annual Rate,SAAR,2020-05-26 09:02:01-05,62
02/2015,540.0,25.0,4.854,HSN1F,2020-06-15,2020-06-15,New One Family Houses Sold: United States,1963-01-01,2020-04-01,Monthly,M,Thousands,Thous.,Seasonally Adjusted Annual Rate,SAAR,2020-05-26 09:02:01-05,62
03/2015,480.0,-60.0,-11.111,HSN1F,2020-06-15,2020-06-15,New One Family Houses Sold: United States,1963-01-01,2020-04-01,Monthly,M,Thousands,Thous.,Seasonally Adjusted Annual Rate,SAAR,2020-05-26 09:02:01-05,62
04/2015,502.0,22.0,4.583,HSN1F,2020-06-15,2020-06-15,New One Family Houses Sold: United States,1963-01-01,2020-04-01,Monthly,M,Thousands,Thous.,Seasonally Adjusted Annual Rate,SAAR,2020-05-26 09:02:01-05,62
05/2015,502.0,0.0,0.0,HSN1F,2020-06-15,2020-06-15,New One Family Houses Sold: United States,1963-01-01,2020-04-01,Monthly,M,Thousands,Thous.,Seasonally Adjusted Annual Rate,SAAR,2020-05-26 09:02:01-05,62
06/2015,480.0,-22.0,-4.382,HSN1F,2020-06-15,2020-06-15,New One Family Houses Sold: United States,1963-01-01,2020-04-01,Monthly,M,Thousands,Thous.,Seasonally Adjusted Annual Rate,SAAR,2020-05-26 09:02:01-05,62
07/2015,506.0,26.0,5.417,HSN1F,2020-06-15,2020-06-15,New One Family Houses Sold: United States,1963-01-01,2020-04-01,Monthly,M,Thousands,Thous.,Seasonally Adjusted Annual Rate,SAAR,2020-05-26 09:02:01-05,62
08/2015,518.0,12.0,2.372,HSN1F,2020-06-15,2020-06-15,New One Family Houses Sold: United States,1963-01-01,2020-04-01,Monthly,M,Thousands,Thous.,Seasonally Adjusted Annual Rate,SAAR,2020-05-26 09:02:01-05,62
09/2015,456.0,-62.0,-11.969,HSN1F,2020-06-15,2020-06-15,New One Family Houses Sold: United States,1963-01-01,2020-04-01,Monthly,M,Thousands,Thous.,Seasonally Adjusted Annual Rate,SAAR,2020-05-26 09:02:01-05,62
10/2015,482.0,26.0,5.702,HSN1F,2020-06-15,2020-06-15,New One Family Houses Sold: United States,1963-01-01,2020-04-01,Monthly,M,Thousands,Thous.,Seasonally Adjusted Annual Rate,SAAR,2020-05-26 09:02:01-05,62
11/2015,504.0,22.0,4.564,HSN1F,2020-06-15,2020-06-15,New One Family Houses Sold: United States,1963-01-01,2020-04-01,Monthly,M,Thousands,Thous.,Seasonally Adjusted Annual Rate,SAAR,2020-05-26 09:02:01-05,62
12/2015,546.0,42.0,8.333,HSN1F,2020-06-15,2020-06-15,New One Family Houses Sold: United States,1963-01-01,2020-04-01,Monthly,M,Thousands,Thous.,Seasonally Adjusted Annual Rate,SAAR,2020-05-26 09:02:01-05,62
01/2016,509.0,-37.0,-6.777,HSN1F,2020-06-15,2020-06-15,New One Family Houses Sold: United States,1963-01-01,2020-04-01,Monthly,M,Thousands,Thous.,Seasonally Adjusted Annual Rate,SAAR,2020-05-26 09:02:01-05,62
02/2016,515.0,6.0,1.179,HSN1F,2020-06-15,2020-06-15,New One Family Houses Sold: United States,1963-01-01,2020-04-01,Monthly,M,Thousands,Thous.,Seasonally Adjusted Annual Rate,SAAR,2020-05-26 09:02:01-05,62
03/2016,526.0,11.0,2.136,HSN1F,2020-06-15,2020-06-15,New One Family Houses Sold: United States,1963-01-01,2020-04-01,Monthly,M,Thousands,Thous.,Seasonally Adjusted Annual Rate,SAAR,2020-05-26 09:02:01-05,62
04/2016,571.0,45.0,8.555,HSN1F,2020-06-15,2020-06-15,New One Family Houses Sold: United States,1963-01-01,2020-04-01,Monthly,M,Thousands,Thous.,Seasonally Adjusted Annual Rate,SAAR,2020-05-26 09:02:01-05,62
05/2016,560.0,-11.0,-1.926,HSN1F,2020-06-15,2020-06-15,New One Family Houses Sold: United States,1963-01-01,2020-04-01,Monthly,M,Thousands,Thous.,Seasonally Adjusted Annual Rate,SAAR,2020-05-26 09:02:01-05,62
06/2016,558.0,-2.0,-0.357,HSN1F,2020-06-15,2020-06-15,New One Family Houses Sold: United States,1963-01-01,2020-04-01,Monthly,M,Thousands,Thous.,Seasonally Adjusted Annual Rate,SAAR,2020-05-26 09:02:01-05,62
07/2016,639.0,81.0,14.516,HSN1F,2020-06-15,2020-06-15,New One Family Houses Sold: United States,1963-01-01,2020-04-01,Monthly,M,Thousands,Thous.,Seasonally Adjusted Annual Rate,SAAR,2020-05-26 09:02:01-05,62
08/2016,584.0,-55.0,-8.607,HSN1F,2020-06-15,2020-06-15,New One Family Houses Sold: United States,1963-01-01,2020-04-01,Monthly,M,Thousands,Thous.,Seasonally Adjusted Annual Rate,SAAR,2020-05-26 09:02:01-05,62
09/2016,567.0,-17.0,-2.911,HSN1F,2020-06-15,2020-06-15,New One Family Houses Sold: United States,1963-01-01,2020-04-01,Monthly,M,Thousands,Thous.,Seasonally Adjusted Annual Rate,SAAR,2020-05-26 09:02:01-05,62
10/2016,577.0,10.0,1.764,HSN1F,2020-06-15,2020-06-15,New One Family Houses Sold: United States,1963-01-01,2020-04-01,Monthly,M,Thousands,Thous.,Seasonally Adjusted Annual Rate,SAAR,2020-05-26 09:02:01-05,62
11/2016,571.0,-6.0,-1.04,HSN1F,2020-06-15,2020-06-15,New One Family Houses Sold: United States,1963-01-01,2020-04-01,Monthly,M,Thousands,Thous.,Seasonally Adjusted Annual Rate,SAAR,2020-05-26 09:02:01-05,62
12/2016,561.0,-10.0,-1.751,HSN1F,2020-06-15,2020-06-15,New One Family Houses Sold: United States,1963-01-01,2020-04-01,Monthly,M,Thousands,Thous.,Seasonally Adjusted Annual Rate,SAAR,2020-05-26 09:02:01-05,62
01/2017,585.0,24.0,4.278,HSN1F,2020-06-15,2020-06-15,New One Family Houses Sold: United States,1963-01-01,2020-04-01,Monthly,M,Thousands,Thous.,Seasonally Adjusted Annual Rate,SAAR,2020-05-26 09:02:01-05,62
02/2017,597.0,12.0,2.051,HSN1F,2020-06-15,2020-06-15,New One Family Houses Sold: United States,1963-01-01,2020-04-01,Monthly,M,Thousands,Thous.,Seasonally Adjusted Annual Rate,SAAR,2020-05-26 09:02:01-05,62
03/2017,631.0,34.0,5.695,HSN1F,2020-06-15,2020-06-15,New One Family Houses Sold: United States,1963-01-01,2020-04-01,Monthly,M,Thousands,Thous.,Seasonally Adjusted Annual Rate,SAAR,2020-05-26 09:02:01-05,62
04/2017,589.0,-42.0,-6.656,HSN1F,2020-06-15,2020-06-15,New One Family Houses Sold: United States,1963-01-01,2020-04-01,Monthly,M,Thousands,Thous.,Seasonally Adjusted Annual Rate,SAAR,2020-05-26 09:02:01-05,62
05/2017,613.0,24.0,4.075,HSN1F,2020-06-15,2020-06-15,New One Family Houses Sold: United States,1963-01-01,2020-04-01,Monthly,M,Thousands,Thous.,Seasonally Adjusted Annual Rate,SAAR,2020-05-26 09:02:01-05,62
06/2017,620.0,7.0,1.142,HSN1F,2020-06-15,2020-06-15,New One Family Houses Sold: United States,1963-01-01,2020-04-01,Monthly,M,Thousands,Thous.,Seasonally Adjusted Annual Rate,SAAR,2020-05-26 09:02:01-05,62
07/2017,565.0,-55.0,-8.871,HSN1F,2020-06-15,2020-06-15,New One Family Houses Sold: United States,1963-01-01,2020-04-01,Monthly,M,Thousands,Thous.,Seasonally Adjusted Annual Rate,SAAR,2020-05-26 09:02:01-05,62
08/2017,560.0,-5.0,-0.885,HSN1F,2020-06-15,2020-06-15,New One Family Houses Sold: United States,1963-01-01,2020-04-01,Monthly,M,Thousands,Thous.,Seasonally Adjusted Annual Rate,SAAR,2020-05-26 09:02:01-05,62
09/2017,638.0,78.0,13.929,HSN1F,2020-06-15,2020-06-15,New One Family Houses Sold: United States,1963-01-01,2020-04-01,Monthly,M,Thousands,Thous.,Seasonally Adjusted Annual Rate,SAAR,2020-05-26 09:02:01-05,62
10/2017,627.0,-11.0,-1.724,HSN1F,2020-06-15,2020-06-15,New One Family Houses Sold: United States,1963-01-01,2020-04-01,Monthly,M,Thousands,Thous.,Seasonally Adjusted Annual Rate,SAAR,2020-05-26 09:02:01-05,62
11/2017,712.0,85.0,13.557,HSN1F,2020-06-15,2020-06-15,New One Family Houses Sold: United States,1963-01-01,2020-04-01,Monthly,M,Thousands,Thous.,Seasonally Adjusted Annual Rate,SAAR,2020-05-26 09:02:01-05,62
12/2017,657.0,-55.0,-7.725,HSN1F,2020-06-15,2020-06-15,New One Family Houses Sold: United States,1963-01-01,2020-04-01,Monthly,M,Thousands,Thous.,Seasonally Adjusted Annual Rate,SAAR,2020-05-26 09:02:01-05,62
01/2018,622.0,-35.0,-5.327,HSN1F,2020-06-15,2020-06-15,New One Family Houses Sold: United States,1963-01-01,2020-04-01,Monthly,M,Thousands,Thous.,Seasonally Adjusted Annual Rate,SAAR,2020-05-26 09:02:01-05,62
02/2018,637.0,15.0,2.412,HSN1F,2020-06-15,2020-06-15,New One Family Houses Sold: United States,1963-01-01,2020-04-01,Monthly,M,Thousands,Thous.,Seasonally Adjusted Annual Rate,SAAR,2020-05-26 09:02:01-05,62
03/2018,662.0,25.0,3.925,HSN1F,2020-06-15,2020-06-15,New One Family Houses Sold: United States,1963-01-01,2020-04-01,Monthly,M,Thousands,Thous.,Seasonally Adjusted Annual Rate,SAAR,2020-05-26 09:02:01-05,62
04/2018,637.0,-25.0,-3.776,HSN1F,2020-06-15,2020-06-15,New One Family Houses Sold: United States,1963-01-01,2020-04-01,Monthly,M,Thousands,Thous.,Seasonally Adjusted Annual Rate,SAAR,2020-05-26 09:02:01-05,62
05/2018,657.0,20.0,3.14,HSN1F,2020-06-15,2020-06-15,New One Family Houses Sold: United States,1963-01-01,2020-04-01,Monthly,M,Thousands,Thous.,Seasonally Adjusted Annual Rate,SAAR,2020-05-26 09:02:01-05,62
06/2018,613.0,-44.0,-6.697,HSN1F,2020-06-15,2020-06-15,New One Family Houses Sold: United States,1963-01-01,2020-04-01,Monthly,M,Thousands,Thous.,Seasonally Adjusted Annual Rate,SAAR,2020-05-26 09:02:01-05,62
07/2018,617.0,4.0,0.653,HSN1F,2020-06-15,2020-06-15,New One Family Houses Sold: United States,1963-01-01,2020-04-01,Monthly,M,Thousands,Thous.,Seasonally Adjusted Annual Rate,SAAR,2020-05-26 09:02:01-05,62
08/2018,598.0,-19.0,-3.079,HSN1F,2020-06-15,2020-06-15,New One Family Houses Sold: United States,1963-01-01,2020-04-01,Monthly,M,Thousands,Thous.,Seasonally Adjusted Annual Rate,SAAR,2020-05-26 09:02:01-05,62
09/2018,596.0,-2.0,-0.334,HSN1F,2020-06-15,2020-06-15,New One Family Houses Sold: United States,1963-01-01,2020-04-01,Monthly,M,Thousands,Thous.,Seasonally Adjusted Annual Rate,SAAR,2020-05-26 09:02:01-05,62
10/2018,552.0,-44.0,-7.383,HSN1F,2020-06-15,2020-06-15,New One Family Houses Sold: United States,1963-01-01,2020-04-01,Monthly,M,Thousands,Thous.,Seasonally Adjusted Annual Rate,SAAR,2020-05-26 09:02:01-05,62
11/2018,614.0,62.0,11.232,HSN1F,2020-06-15,2020-06-15,New One Family Houses Sold: United States,1963-01-01,2020-04-01,Monthly,M,Thousands,Thous.,Seasonally Adjusted Annual Rate,SAAR,2020-05-26 09:02:01-05,62
12/2018,564.0,-50.0,-8.143,HSN1F,2020-06-15,2020-06-15,New One Family Houses Sold: United States,1963-01-01,2020-04-01,Monthly,M,Thousands,Thous.,Seasonally Adjusted Annual Rate,SAAR,2020-05-26 09:02:01-05,62
01/2019,637.0,73.0,12.943,HSN1F,2020-06-15,2020-06-15,New One Family Houses Sold: United States,1963-01-01,2020-04-01,Monthly,M,Thousands,Thous.,Seasonally Adjusted Annual Rate,SAAR,2020-05-26 09:02:01-05,62
02/2019,665.0,28.0,4.396,HSN1F,2020-06-15,2020-06-15,New One Family Houses Sold: United States,1963-01-01,2020-04-01,Monthly,M,Thousands,Thous.,Seasonally Adjusted Annual Rate,SAAR,2020-05-26 09:02:01-05,62
03/2019,700.0,35.0,5.263,HSN1F,2020-06-15,2020-06-15,New One Family Houses Sold: United States,1963-01-01,2020-04-01,Monthly,M,Thousands,Thous.,Seasonally Adjusted Annual Rate,SAAR,2020-05-26 09:02:01-05,62
04/2019,664.0,-36.0,-5.143,HSN1F,2020-06-15,2020-06-15,New One Family Houses Sold: United States,1963-01-01,2020-04-01,Monthly,M,Thousands,Thous.,Seasonally Adjusted Annual Rate,SAAR,2020-05-26 09:02:01-05,62
05/2019,600.0,-64.0,-9.639,HSN1F,2020-06-15,2020-06-15,New One Family Houses Sold: United States,1963-01-01,2020-04-01,Monthly,M,Thousands,Thous.,Seasonally Adjusted Annual Rate,SAAR,2020-05-26 09:02:01-05,62
06/2019,726.0,126.0,21.0,HSN1F,2020-06-15,2020-06-15,New One Family Houses Sold: United States,1963-01-01,2020-04-01,Monthly,M,Thousands,Thous.,Seasonally Adjusted Annual Rate,SAAR,2020-05-26 09:02:01-05,62
07/2019,661.0,-65.0,-8.953,HSN1F,2020-06-15,2020-06-15,New One Family Houses Sold: United States,1963-01-01,2020-04-01,Monthly,M,Thousands,Thous.,Seasonally Adjusted Annual Rate,SAAR,2020-05-26 09:02:01-05,62
08/2019,706.0,45.0,6.808,HSN1F,2020-06-15,2020-06-15,New One Family Houses Sold: United States,1963-01-01,2020-04-01,Monthly,M,Thousands,Thous.,Seasonally Adjusted Annual Rate,SAAR,2020-05-26 09:02:01-05,62
09/2019,726.0,20.0,2.833,HSN1F,2020-06-15,2020-06-15,New One Family Houses Sold: United States,1963-01-01,2020-04-01,Monthly,M,Thousands,Thous.,Seasonally Adjusted Annual Rate,SAAR,2020-05-26 09:02:01-05,62
10/2019,706.0,-20.0,-2.755,HSN1F,2020-06-15,2020-06-15,New One Family Houses Sold: United States,1963-01-01,2020-04-01,Monthly,M,Thousands,Thous.,Seasonally Adjusted Annual Rate,SAAR,2020-05-26 09:02:01-05,62
11/2019,696.0,-10.0,-1.416,HSN1F,2020-06-15,2020-06-15,New One Family Houses Sold: United States,1963-01-01,2020-04-01,Monthly,M,Thousands,Thous.,Seasonally Adjusted Annual Rate,SAAR,2020-05-26 09:02:01-05,62
12/2019,731.0,35.0,5.029,HSN1F,2020-06-15,2020-06-15,New One Family Houses Sold: United States,1963-01-01,2020-04-01,Monthly,M,Thousands,Thous.,Seasonally Adjusted Annual Rate,SAAR,2020-05-26 09:02:01-05,62
01/2020,774.0,43.0,5.882,HSN1F,2020-06-15,2020-06-15,New One Family Houses Sold: United States,1963-01-01,2020-04-01,Monthly,M,Thousands,Thous.,Seasonally Adjusted Annual Rate,SAAR,2020-05-26 09:02:01-05,62
02/2020,717.0,-57.0,-7.364,HSN1F,2020-06-15,2020-06-15,New One Family Houses Sold: United States,1963-01-01,2020-04-01,Monthly,M,Thousands,Thous.,Seasonally Adjusted Annual Rate,SAAR,2020-05-26 09:02:01-05,62
03/2020,619.0,-98.0,-13.668,HSN1F,2020-06-15,2020-06-15,New One Family Houses Sold: United States,1963-01-01,2020-04-01,Monthly,M,Thousands,Thous.,Seasonally Adjusted Annual Rate,SAAR,2020-05-26 09:02:01-05,62
04/2020,623.0,4.0,0.646,HSN1F,2020-06-15,2020-06-15,New One Family Houses Sold: United States,1963-01-01,2020-04-01,Monthly,M,Thousands,Thous.,Seasonally Adjusted Annual Rate,SAAR,2020-05-26 09:02:01-05,62
