date,data,change,pct_change,id,realtime_start,realtime_end,title,observation_start,observation_end,frequency,frequency_short,units,units_short,seasonal_adjustment,seasonal_adjustment_short,last_updated,popularity,notes
12/2000,,0.0,0.0,NPPTTL,2020-06-15,2020-06-15,Total Nonfarm Private Payroll Employment,2002-04-01,2020-05-01,Monthly,M,Thousands,Thous.,Seasonally Adjusted,SA,2020-06-03 07:26:01-05,63,"Copyright, 2016, Automatic Data Processing, Inc. (""ADP"")."
01/2001,,,,NPPTTL,2020-06-15,2020-06-15,Total Nonfarm Private Payroll Employment,2002-04-01,2020-05-01,Monthly,M,Thousands,Thous.,Seasonally Adjusted,SA,2020-06-03 07:26:01-05,63,"Copyright, 2016, Automatic Data Processing, Inc. (""ADP"")."
02/2001,,,,NPPTTL,2020-06-15,2020-06-15,Total Nonfarm Private Payroll Employment,2002-04-01,2020-05-01,Monthly,M,Thousands,Thous.,Seasonally Adjusted,SA,2020-06-03 07:26:01-05,63,"Copyright, 2016, Automatic Data Processing, Inc. (""ADP"")."
03/2001,,,,NPPTTL,2020-06-15,2020-06-15,Total Nonfarm Private Payroll Employment,2002-04-01,2020-05-01,Monthly,M,Thousands,Thous.,Seasonally Adjusted,SA,2020-06-03 07:26:01-05,63,"Copyright, 2016, Automatic Data Processing, Inc. (""ADP"")."
04/2001,,,,NPPTTL,2020-06-15,2020-06-15,Total Nonfarm Private Payroll Employment,2002-04-01,2020-05-01,Monthly,M,Thousands,Thous.,Seasonally Adjusted,SA,2020-06-03 07:26:01-05,63,"Copyright, 2016, Automatic Data Processing, Inc. (""ADP"")."
05/2001,,,,NPPTTL,2020-06-15,2020-06-15,Total Nonfarm Private Payroll Employment,2002-04-01,2020-05-01,Monthly,M,Thousands,Thous.,Seasonally Adjusted,SA,2020-06-03 07:26:01-05,63,"Copyright, 2016, Automatic Data Processing, Inc. (""ADP"")."
06/2001,,,,NPPTTL,2020-06-15,2020-06-15,Total Nonfarm Private Payroll Employment,2002-04-01,2020-05-01,Monthly,M,Thousands,Thous.,Seasonally Adjusted,SA,2020-06-03 07:26:01-05,63,"Copyright, 2016, Automatic Data Processing, Inc. (""ADP"")."
07/2001,,,,NPPTTL,2020-06-15,2020-06-15,Total Nonfarm Private Payroll Employment,2002-04-01,2020-05-01,Monthly,M,Thousands,Thous.,Seasonally Adjusted,SA,2020-06-03 07:26:01-05,63,"Copyright, 2016, Automatic Data Processing, Inc. (""ADP"")."
08/2001,,,,NPPTTL,2020-06-15,2020-06-15,Total Nonfarm Private Payroll Employment,2002-04-01,2020-05-01,Monthly,M,Thousands,Thous.,Seasonally Adjusted,SA,2020-06-03 07:26:01-05,63,"Copyright, 2016, Automatic Data Processing, Inc. (""ADP"")."
09/2001,,,,NPPTTL,2020-06-15,2020-06-15,Total Nonfarm Private Payroll Employment,2002-04-01,2020-05-01,Monthly,M,Thousands,Thous.,Seasonally Adjusted,SA,2020-06-03 07:26:01-05,63,"Copyright, 2016, Automatic Data Processing, Inc. (""ADP"")."
10/2001,,,,NPPTTL,2020-06-15,2020-06-15,Total Nonfarm Private Payroll Employment,2002-04-01,2020-05-01,Monthly,M,Thousands,Thous.,Seasonally Adjusted,SA,2020-06-03 07:26:01-05,63,"Copyright, 2016, Automatic Data Processing, Inc. (""ADP"")."
11/2001,,,,NPPTTL,2020-06-15,2020-06-15,Total Nonfarm Private Payroll Employment,2002-04-01,2020-05-01,Monthly,M,Thousands,Thous.,Seasonally Adjusted,SA,2020-06-03 07:26:01-05,63,"Copyright, 2016, Automatic Data Processing, Inc. (""ADP"")."
12/2001,,,,NPPTTL,2020-06-15,2020-06-15,Total Nonfarm Private Payroll Employment,2002-04-01,2020-05-01,Monthly,M,Thousands,Thous.,Seasonally Adjusted,SA,2020-06-03 07:26:01-05,63,"Copyright, 2016, Automatic Data Processing, Inc. (""ADP"")."
01/2002,,,,NPPTTL,2020-06-15,2020-06-15,Total Nonfarm Private Payroll Employment,2002-04-01,2020-05-01,Monthly,M,Thousands,Thous.,Seasonally Adjusted,SA,2020-06-03 07:26:01-05,63,"Copyright, 2016, Automatic Data Processing, Inc. (""ADP"")."
02/2002,,,,NPPTTL,2020-06-15,2020-06-15,Total Nonfarm Private Payroll Employment,2002-04-01,2020-05-01,Monthly,M,Thousands,Thous.,Seasonally Adjusted,SA,2020-06-03 07:26:01-05,63,"Copyright, 2016, Automatic Data Processing, Inc. (""ADP"")."
03/2002,,,,NPPTTL,2020-06-15,2020-06-15,Total Nonfarm Private Payroll Employment,2002-04-01,2020-05-01,Monthly,M,Thousands,Thous.,Seasonally Adjusted,SA,2020-06-03 07:26:01-05,63,"Copyright, 2016, Automatic Data Processing, Inc. (""ADP"")."
04/2002,109143.068,,,NPPTTL,2020-06-15,2020-06-15,Total Nonfarm Private Payroll Employment,2002-04-01,2020-05-01,Monthly,M,Thousands,Thous.,Seasonally Adjusted,SA,2020-06-03 07:26:01-05,63,"Copyright, 2016, Automatic Data Processing, Inc. (""ADP"")."
05/2002,109129.359,-13.709,-0.013,NPPTTL,2020-06-15,2020-06-15,Total Nonfarm Private Payroll Employment,2002-04-01,2020-05-01,Monthly,M,Thousands,Thous.,Seasonally Adjusted,SA,2020-06-03 07:26:01-05,63,"Copyright, 2016, Automatic Data Processing, Inc. (""ADP"")."
06/2002,109113.076,-16.283,-0.015,NPPTTL,2020-06-15,2020-06-15,Total Nonfarm Private Payroll Employment,2002-04-01,2020-05-01,Monthly,M,Thousands,Thous.,Seasonally Adjusted,SA,2020-06-03 07:26:01-05,63,"Copyright, 2016, Automatic Data Processing, Inc. (""ADP"")."
07/2002,109077.917,-35.159,-0.032,NPPTTL,2020-06-15,2020-06-15,Total Nonfarm Private Payroll Employment,2002-04-01,2020-05-01,Monthly,M,Thousands,Thous.,Seasonally Adjusted,SA,2020-06-03 07:26:01-05,63,"Copyright, 2016, Automatic Data Processing, Inc. (""ADP"")."
08/2002,108976.445,-101.472,-0.093,NPPTTL,2020-06-15,2020-06-15,Total Nonfarm Private Payroll Employment,2002-04-01,2020-05-01,Monthly,M,Thousands,Thous.,Seasonally Adjusted,SA,2020-06-03 07:26:01-05,63,"Copyright, 2016, Automatic Data Processing, Inc. (""ADP"")."
09/2002,108888.778,-87.667,-0.08,NPPTTL,2020-06-15,2020-06-15,Total Nonfarm Private Payroll Employment,2002-04-01,2020-05-01,Monthly,M,Thousands,Thous.,Seasonally Adjusted,SA,2020-06-03 07:26:01-05,63,"Copyright, 2016, Automatic Data Processing, Inc. (""ADP"")."
10/2002,108872.312,-16.466,-0.015,NPPTTL,2020-06-15,2020-06-15,Total Nonfarm Private Payroll Employment,2002-04-01,2020-05-01,Monthly,M,Thousands,Thous.,Seasonally Adjusted,SA,2020-06-03 07:26:01-05,63,"Copyright, 2016, Automatic Data Processing, Inc. (""ADP"")."
11/2002,108891.667,19.355,0.018,NPPTTL,2020-06-15,2020-06-15,Total Nonfarm Private Payroll Employment,2002-04-01,2020-05-01,Monthly,M,Thousands,Thous.,Seasonally Adjusted,SA,2020-06-03 07:26:01-05,63,"Copyright, 2016, Automatic Data Processing, Inc. (""ADP"")."
12/2002,108851.906,-39.761,-0.037,NPPTTL,2020-06-15,2020-06-15,Total Nonfarm Private Payroll Employment,2002-04-01,2020-05-01,Monthly,M,Thousands,Thous.,Seasonally Adjusted,SA,2020-06-03 07:26:01-05,63,"Copyright, 2016, Automatic Data Processing, Inc. (""ADP"")."
01/2003,108790.216,-61.69,-0.057,NPPTTL,2020-06-15,2020-06-15,Total Nonfarm Private Payroll Employment,2002-04-01,2020-05-01,Monthly,M,Thousands,Thous.,Seasonally Adjusted,SA,2020-06-03 07:26:01-05,63,"Copyright, 2016, Automatic Data Processing, Inc. (""ADP"")."
02/2003,108659.737,-130.479,-0.12,NPPTTL,2020-06-15,2020-06-15,Total Nonfarm Private Payroll Employment,2002-04-01,2020-05-01,Monthly,M,Thousands,Thous.,Seasonally Adjusted,SA,2020-06-03 07:26:01-05,63,"Copyright, 2016, Automatic Data Processing, Inc. (""ADP"")."
03/2003,108622.0,-37.737,-0.035,NPPTTL,2020-06-15,2020-06-15,Total Nonfarm Private Payroll Employment,2002-04-01,2020-05-01,Monthly,M,Thousands,Thous.,Seasonally Adjusted,SA,2020-06-03 07:26:01-05,63,"Copyright, 2016, Automatic Data Processing, Inc. (""ADP"")."
04/2003,108626.477,4.477,0.004,NPPTTL,2020-06-15,2020-06-15,Total Nonfarm Private Payroll Employment,2002-04-01,2020-05-01,Monthly,M,Thousands,Thous.,Seasonally Adjusted,SA,2020-06-03 07:26:01-05,63,"Copyright, 2016, Automatic Data Processing, Inc. (""ADP"")."
05/2003,108602.708,-23.769,-0.022,NPPTTL,2020-06-15,2020-06-15,Total Nonfarm Private Payroll Employment,2002-04-01,2020-05-01,Monthly,M,Thousands,Thous.,Seasonally Adjusted,SA,2020-06-03 07:26:01-05,63,"Copyright, 2016, Automatic Data Processing, Inc. (""ADP"")."
06/2003,108623.1,20.392,0.019,NPPTTL,2020-06-15,2020-06-15,Total Nonfarm Private Payroll Employment,2002-04-01,2020-05-01,Monthly,M,Thousands,Thous.,Seasonally Adjusted,SA,2020-06-03 07:26:01-05,63,"Copyright, 2016, Automatic Data Processing, Inc. (""ADP"")."
07/2003,108674.815,51.715,0.048,NPPTTL,2020-06-15,2020-06-15,Total Nonfarm Private Payroll Employment,2002-04-01,2020-05-01,Monthly,M,Thousands,Thous.,Seasonally Adjusted,SA,2020-06-03 07:26:01-05,63,"Copyright, 2016, Automatic Data Processing, Inc. (""ADP"")."
08/2003,108725.179,50.364,0.046,NPPTTL,2020-06-15,2020-06-15,Total Nonfarm Private Payroll Employment,2002-04-01,2020-05-01,Monthly,M,Thousands,Thous.,Seasonally Adjusted,SA,2020-06-03 07:26:01-05,63,"Copyright, 2016, Automatic Data Processing, Inc. (""ADP"")."
09/2003,108778.627,53.448,0.049,NPPTTL,2020-06-15,2020-06-15,Total Nonfarm Private Payroll Employment,2002-04-01,2020-05-01,Monthly,M,Thousands,Thous.,Seasonally Adjusted,SA,2020-06-03 07:26:01-05,63,"Copyright, 2016, Automatic Data Processing, Inc. (""ADP"")."
10/2003,108915.52,136.893,0.126,NPPTTL,2020-06-15,2020-06-15,Total Nonfarm Private Payroll Employment,2002-04-01,2020-05-01,Monthly,M,Thousands,Thous.,Seasonally Adjusted,SA,2020-06-03 07:26:01-05,63,"Copyright, 2016, Automatic Data Processing, Inc. (""ADP"")."
11/2003,109002.285,86.765,0.08,NPPTTL,2020-06-15,2020-06-15,Total Nonfarm Private Payroll Employment,2002-04-01,2020-05-01,Monthly,M,Thousands,Thous.,Seasonally Adjusted,SA,2020-06-03 07:26:01-05,63,"Copyright, 2016, Automatic Data Processing, Inc. (""ADP"")."
12/2003,109080.566,78.281,0.072,NPPTTL,2020-06-15,2020-06-15,Total Nonfarm Private Payroll Employment,2002-04-01,2020-05-01,Monthly,M,Thousands,Thous.,Seasonally Adjusted,SA,2020-06-03 07:26:01-05,63,"Copyright, 2016, Automatic Data Processing, Inc. (""ADP"")."
01/2004,109189.577,109.011,0.1,NPPTTL,2020-06-15,2020-06-15,Total Nonfarm Private Payroll Employment,2002-04-01,2020-05-01,Monthly,M,Thousands,Thous.,Seasonally Adjusted,SA,2020-06-03 07:26:01-05,63,"Copyright, 2016, Automatic Data Processing, Inc. (""ADP"")."
02/2004,109285.711,96.134,0.088,NPPTTL,2020-06-15,2020-06-15,Total Nonfarm Private Payroll Employment,2002-04-01,2020-05-01,Monthly,M,Thousands,Thous.,Seasonally Adjusted,SA,2020-06-03 07:26:01-05,63,"Copyright, 2016, Automatic Data Processing, Inc. (""ADP"")."
03/2004,109554.0,268.289,0.245,NPPTTL,2020-06-15,2020-06-15,Total Nonfarm Private Payroll Employment,2002-04-01,2020-05-01,Monthly,M,Thousands,Thous.,Seasonally Adjusted,SA,2020-06-03 07:26:01-05,63,"Copyright, 2016, Automatic Data Processing, Inc. (""ADP"")."
04/2004,109708.183,154.183,0.141,NPPTTL,2020-06-15,2020-06-15,Total Nonfarm Private Payroll Employment,2002-04-01,2020-05-01,Monthly,M,Thousands,Thous.,Seasonally Adjusted,SA,2020-06-03 07:26:01-05,63,"Copyright, 2016, Automatic Data Processing, Inc. (""ADP"")."
05/2004,109900.351,192.168,0.175,NPPTTL,2020-06-15,2020-06-15,Total Nonfarm Private Payroll Employment,2002-04-01,2020-05-01,Monthly,M,Thousands,Thous.,Seasonally Adjusted,SA,2020-06-03 07:26:01-05,63,"Copyright, 2016, Automatic Data Processing, Inc. (""ADP"")."
06/2004,110126.168,225.817,0.205,NPPTTL,2020-06-15,2020-06-15,Total Nonfarm Private Payroll Employment,2002-04-01,2020-05-01,Monthly,M,Thousands,Thous.,Seasonally Adjusted,SA,2020-06-03 07:26:01-05,63,"Copyright, 2016, Automatic Data Processing, Inc. (""ADP"")."
07/2004,110296.251,170.083,0.154,NPPTTL,2020-06-15,2020-06-15,Total Nonfarm Private Payroll Employment,2002-04-01,2020-05-01,Monthly,M,Thousands,Thous.,Seasonally Adjusted,SA,2020-06-03 07:26:01-05,63,"Copyright, 2016, Automatic Data Processing, Inc. (""ADP"")."
08/2004,110355.313,59.062,0.054,NPPTTL,2020-06-15,2020-06-15,Total Nonfarm Private Payroll Employment,2002-04-01,2020-05-01,Monthly,M,Thousands,Thous.,Seasonally Adjusted,SA,2020-06-03 07:26:01-05,63,"Copyright, 2016, Automatic Data Processing, Inc. (""ADP"")."
09/2004,110470.613,115.3,0.104,NPPTTL,2020-06-15,2020-06-15,Total Nonfarm Private Payroll Employment,2002-04-01,2020-05-01,Monthly,M,Thousands,Thous.,Seasonally Adjusted,SA,2020-06-03 07:26:01-05,63,"Copyright, 2016, Automatic Data Processing, Inc. (""ADP"")."
10/2004,110658.9,188.287,0.17,NPPTTL,2020-06-15,2020-06-15,Total Nonfarm Private Payroll Employment,2002-04-01,2020-05-01,Monthly,M,Thousands,Thous.,Seasonally Adjusted,SA,2020-06-03 07:26:01-05,63,"Copyright, 2016, Automatic Data Processing, Inc. (""ADP"")."
11/2004,110825.164,166.264,0.15,NPPTTL,2020-06-15,2020-06-15,Total Nonfarm Private Payroll Employment,2002-04-01,2020-05-01,Monthly,M,Thousands,Thous.,Seasonally Adjusted,SA,2020-06-03 07:26:01-05,63,"Copyright, 2016, Automatic Data Processing, Inc. (""ADP"")."
12/2004,110971.901,146.737,0.132,NPPTTL,2020-06-15,2020-06-15,Total Nonfarm Private Payroll Employment,2002-04-01,2020-05-01,Monthly,M,Thousands,Thous.,Seasonally Adjusted,SA,2020-06-03 07:26:01-05,63,"Copyright, 2016, Automatic Data Processing, Inc. (""ADP"")."
01/2005,111098.816,126.915,0.114,NPPTTL,2020-06-15,2020-06-15,Total Nonfarm Private Payroll Employment,2002-04-01,2020-05-01,Monthly,M,Thousands,Thous.,Seasonally Adjusted,SA,2020-06-03 07:26:01-05,63,"Copyright, 2016, Automatic Data Processing, Inc. (""ADP"")."
02/2005,111244.762,145.946,0.131,NPPTTL,2020-06-15,2020-06-15,Total Nonfarm Private Payroll Employment,2002-04-01,2020-05-01,Monthly,M,Thousands,Thous.,Seasonally Adjusted,SA,2020-06-03 07:26:01-05,63,"Copyright, 2016, Automatic Data Processing, Inc. (""ADP"")."
03/2005,111416.0,171.238,0.154,NPPTTL,2020-06-15,2020-06-15,Total Nonfarm Private Payroll Employment,2002-04-01,2020-05-01,Monthly,M,Thousands,Thous.,Seasonally Adjusted,SA,2020-06-03 07:26:01-05,63,"Copyright, 2016, Automatic Data Processing, Inc. (""ADP"")."
04/2005,111643.815,227.815,0.204,NPPTTL,2020-06-15,2020-06-15,Total Nonfarm Private Payroll Employment,2002-04-01,2020-05-01,Monthly,M,Thousands,Thous.,Seasonally Adjusted,SA,2020-06-03 07:26:01-05,63,"Copyright, 2016, Automatic Data Processing, Inc. (""ADP"")."
05/2005,111879.982,236.167,0.212,NPPTTL,2020-06-15,2020-06-15,Total Nonfarm Private Payroll Employment,2002-04-01,2020-05-01,Monthly,M,Thousands,Thous.,Seasonally Adjusted,SA,2020-06-03 07:26:01-05,63,"Copyright, 2016, Automatic Data Processing, Inc. (""ADP"")."
06/2005,112087.269,207.287,0.185,NPPTTL,2020-06-15,2020-06-15,Total Nonfarm Private Payroll Employment,2002-04-01,2020-05-01,Monthly,M,Thousands,Thous.,Seasonally Adjusted,SA,2020-06-03 07:26:01-05,63,"Copyright, 2016, Automatic Data Processing, Inc. (""ADP"")."
07/2005,112308.494,221.225,0.197,NPPTTL,2020-06-15,2020-06-15,Total Nonfarm Private Payroll Employment,2002-04-01,2020-05-01,Monthly,M,Thousands,Thous.,Seasonally Adjusted,SA,2020-06-03 07:26:01-05,63,"Copyright, 2016, Automatic Data Processing, Inc. (""ADP"")."
08/2005,112537.675,229.181,0.204,NPPTTL,2020-06-15,2020-06-15,Total Nonfarm Private Payroll Employment,2002-04-01,2020-05-01,Monthly,M,Thousands,Thous.,Seasonally Adjusted,SA,2020-06-03 07:26:01-05,63,"Copyright, 2016, Automatic Data Processing, Inc. (""ADP"")."
09/2005,112684.851,147.176,0.131,NPPTTL,2020-06-15,2020-06-15,Total Nonfarm Private Payroll Employment,2002-04-01,2020-05-01,Monthly,M,Thousands,Thous.,Seasonally Adjusted,SA,2020-06-03 07:26:01-05,63,"Copyright, 2016, Automatic Data Processing, Inc. (""ADP"")."
10/2005,112827.379,142.528,0.126,NPPTTL,2020-06-15,2020-06-15,Total Nonfarm Private Payroll Employment,2002-04-01,2020-05-01,Monthly,M,Thousands,Thous.,Seasonally Adjusted,SA,2020-06-03 07:26:01-05,63,"Copyright, 2016, Automatic Data Processing, Inc. (""ADP"")."
11/2005,113103.23,275.851,0.244,NPPTTL,2020-06-15,2020-06-15,Total Nonfarm Private Payroll Employment,2002-04-01,2020-05-01,Monthly,M,Thousands,Thous.,Seasonally Adjusted,SA,2020-06-03 07:26:01-05,63,"Copyright, 2016, Automatic Data Processing, Inc. (""ADP"")."
12/2005,113335.687,232.457,0.206,NPPTTL,2020-06-15,2020-06-15,Total Nonfarm Private Payroll Employment,2002-04-01,2020-05-01,Monthly,M,Thousands,Thous.,Seasonally Adjusted,SA,2020-06-03 07:26:01-05,63,"Copyright, 2016, Automatic Data Processing, Inc. (""ADP"")."
01/2006,113632.651,296.964,0.262,NPPTTL,2020-06-15,2020-06-15,Total Nonfarm Private Payroll Employment,2002-04-01,2020-05-01,Monthly,M,Thousands,Thous.,Seasonally Adjusted,SA,2020-06-03 07:26:01-05,63,"Copyright, 2016, Automatic Data Processing, Inc. (""ADP"")."
02/2006,113917.747,285.096,0.251,NPPTTL,2020-06-15,2020-06-15,Total Nonfarm Private Payroll Employment,2002-04-01,2020-05-01,Monthly,M,Thousands,Thous.,Seasonally Adjusted,SA,2020-06-03 07:26:01-05,63,"Copyright, 2016, Automatic Data Processing, Inc. (""ADP"")."
03/2006,114144.0,226.253,0.199,NPPTTL,2020-06-15,2020-06-15,Total Nonfarm Private Payroll Employment,2002-04-01,2020-05-01,Monthly,M,Thousands,Thous.,Seasonally Adjusted,SA,2020-06-03 07:26:01-05,63,"Copyright, 2016, Automatic Data Processing, Inc. (""ADP"")."
04/2006,114328.575,184.575,0.162,NPPTTL,2020-06-15,2020-06-15,Total Nonfarm Private Payroll Employment,2002-04-01,2020-05-01,Monthly,M,Thousands,Thous.,Seasonally Adjusted,SA,2020-06-03 07:26:01-05,63,"Copyright, 2016, Automatic Data Processing, Inc. (""ADP"")."
05/2006,114439.041,110.466,0.097,NPPTTL,2020-06-15,2020-06-15,Total Nonfarm Private Payroll Employment,2002-04-01,2020-05-01,Monthly,M,Thousands,Thous.,Seasonally Adjusted,SA,2020-06-03 07:26:01-05,63,"Copyright, 2016, Automatic Data Processing, Inc. (""ADP"")."
06/2006,114614.559,175.518,0.153,NPPTTL,2020-06-15,2020-06-15,Total Nonfarm Private Payroll Employment,2002-04-01,2020-05-01,Monthly,M,Thousands,Thous.,Seasonally Adjusted,SA,2020-06-03 07:26:01-05,63,"Copyright, 2016, Automatic Data Processing, Inc. (""ADP"")."
07/2006,114745.023,130.464,0.114,NPPTTL,2020-06-15,2020-06-15,Total Nonfarm Private Payroll Employment,2002-04-01,2020-05-01,Monthly,M,Thousands,Thous.,Seasonally Adjusted,SA,2020-06-03 07:26:01-05,63,"Copyright, 2016, Automatic Data Processing, Inc. (""ADP"")."
08/2006,114863.49,118.467,0.103,NPPTTL,2020-06-15,2020-06-15,Total Nonfarm Private Payroll Employment,2002-04-01,2020-05-01,Monthly,M,Thousands,Thous.,Seasonally Adjusted,SA,2020-06-03 07:26:01-05,63,"Copyright, 2016, Automatic Data Processing, Inc. (""ADP"")."
09/2006,114960.127,96.637,0.084,NPPTTL,2020-06-15,2020-06-15,Total Nonfarm Private Payroll Employment,2002-04-01,2020-05-01,Monthly,M,Thousands,Thous.,Seasonally Adjusted,SA,2020-06-03 07:26:01-05,63,"Copyright, 2016, Automatic Data Processing, Inc. (""ADP"")."
10/2006,115090.428,130.301,0.113,NPPTTL,2020-06-15,2020-06-15,Total Nonfarm Private Payroll Employment,2002-04-01,2020-05-01,Monthly,M,Thousands,Thous.,Seasonally Adjusted,SA,2020-06-03 07:26:01-05,63,"Copyright, 2016, Automatic Data Processing, Inc. (""ADP"")."
11/2006,115220.972,130.544,0.113,NPPTTL,2020-06-15,2020-06-15,Total Nonfarm Private Payroll Employment,2002-04-01,2020-05-01,Monthly,M,Thousands,Thous.,Seasonally Adjusted,SA,2020-06-03 07:26:01-05,63,"Copyright, 2016, Automatic Data Processing, Inc. (""ADP"")."
12/2006,115324.448,103.476,0.09,NPPTTL,2020-06-15,2020-06-15,Total Nonfarm Private Payroll Employment,2002-04-01,2020-05-01,Monthly,M,Thousands,Thous.,Seasonally Adjusted,SA,2020-06-03 07:26:01-05,63,"Copyright, 2016, Automatic Data Processing, Inc. (""ADP"")."
01/2007,115517.686,193.238,0.168,NPPTTL,2020-06-15,2020-06-15,Total Nonfarm Private Payroll Employment,2002-04-01,2020-05-01,Monthly,M,Thousands,Thous.,Seasonally Adjusted,SA,2020-06-03 07:26:01-05,63,"Copyright, 2016, Automatic Data Processing, Inc. (""ADP"")."
02/2007,115553.461,35.775,0.031,NPPTTL,2020-06-15,2020-06-15,Total Nonfarm Private Payroll Employment,2002-04-01,2020-05-01,Monthly,M,Thousands,Thous.,Seasonally Adjusted,SA,2020-06-03 07:26:01-05,63,"Copyright, 2016, Automatic Data Processing, Inc. (""ADP"")."
03/2007,115644.0,90.539,0.078,NPPTTL,2020-06-15,2020-06-15,Total Nonfarm Private Payroll Employment,2002-04-01,2020-05-01,Monthly,M,Thousands,Thous.,Seasonally Adjusted,SA,2020-06-03 07:26:01-05,63,"Copyright, 2016, Automatic Data Processing, Inc. (""ADP"")."
04/2007,115720.609,76.609,0.066,NPPTTL,2020-06-15,2020-06-15,Total Nonfarm Private Payroll Employment,2002-04-01,2020-05-01,Monthly,M,Thousands,Thous.,Seasonally Adjusted,SA,2020-06-03 07:26:01-05,63,"Copyright, 2016, Automatic Data Processing, Inc. (""ADP"")."
05/2007,115788.566,67.957,0.059,NPPTTL,2020-06-15,2020-06-15,Total Nonfarm Private Payroll Employment,2002-04-01,2020-05-01,Monthly,M,Thousands,Thous.,Seasonally Adjusted,SA,2020-06-03 07:26:01-05,63,"Copyright, 2016, Automatic Data Processing, Inc. (""ADP"")."
06/2007,115825.884,37.318,0.032,NPPTTL,2020-06-15,2020-06-15,Total Nonfarm Private Payroll Employment,2002-04-01,2020-05-01,Monthly,M,Thousands,Thous.,Seasonally Adjusted,SA,2020-06-03 07:26:01-05,63,"Copyright, 2016, Automatic Data Processing, Inc. (""ADP"")."
07/2007,115854.479,28.595,0.025,NPPTTL,2020-06-15,2020-06-15,Total Nonfarm Private Payroll Employment,2002-04-01,2020-05-01,Monthly,M,Thousands,Thous.,Seasonally Adjusted,SA,2020-06-03 07:26:01-05,63,"Copyright, 2016, Automatic Data Processing, Inc. (""ADP"")."
08/2007,115912.038,57.559,0.05,NPPTTL,2020-06-15,2020-06-15,Total Nonfarm Private Payroll Employment,2002-04-01,2020-05-01,Monthly,M,Thousands,Thous.,Seasonally Adjusted,SA,2020-06-03 07:26:01-05,63,"Copyright, 2016, Automatic Data Processing, Inc. (""ADP"")."
09/2007,115944.138,32.1,0.028,NPPTTL,2020-06-15,2020-06-15,Total Nonfarm Private Payroll Employment,2002-04-01,2020-05-01,Monthly,M,Thousands,Thous.,Seasonally Adjusted,SA,2020-06-03 07:26:01-05,63,"Copyright, 2016, Automatic Data Processing, Inc. (""ADP"")."
10/2007,115927.95,-16.188,-0.014,NPPTTL,2020-06-15,2020-06-15,Total Nonfarm Private Payroll Employment,2002-04-01,2020-05-01,Monthly,M,Thousands,Thous.,Seasonally Adjusted,SA,2020-06-03 07:26:01-05,63,"Copyright, 2016, Automatic Data Processing, Inc. (""ADP"")."
11/2007,115933.322,5.372,0.005,NPPTTL,2020-06-15,2020-06-15,Total Nonfarm Private Payroll Employment,2002-04-01,2020-05-01,Monthly,M,Thousands,Thous.,Seasonally Adjusted,SA,2020-06-03 07:26:01-05,63,"Copyright, 2016, Automatic Data Processing, Inc. (""ADP"")."
12/2007,115949.691,16.369,0.014,NPPTTL,2020-06-15,2020-06-15,Total Nonfarm Private Payroll Employment,2002-04-01,2020-05-01,Monthly,M,Thousands,Thous.,Seasonally Adjusted,SA,2020-06-03 07:26:01-05,63,"Copyright, 2016, Automatic Data Processing, Inc. (""ADP"")."
01/2008,115958.337,8.646,0.007,NPPTTL,2020-06-15,2020-06-15,Total Nonfarm Private Payroll Employment,2002-04-01,2020-05-01,Monthly,M,Thousands,Thous.,Seasonally Adjusted,SA,2020-06-03 07:26:01-05,63,"Copyright, 2016, Automatic Data Processing, Inc. (""ADP"")."
02/2008,115911.701,-46.636,-0.04,NPPTTL,2020-06-15,2020-06-15,Total Nonfarm Private Payroll Employment,2002-04-01,2020-05-01,Monthly,M,Thousands,Thous.,Seasonally Adjusted,SA,2020-06-03 07:26:01-05,63,"Copyright, 2016, Automatic Data Processing, Inc. (""ADP"")."
03/2008,115832.0,-79.701,-0.069,NPPTTL,2020-06-15,2020-06-15,Total Nonfarm Private Payroll Employment,2002-04-01,2020-05-01,Monthly,M,Thousands,Thous.,Seasonally Adjusted,SA,2020-06-03 07:26:01-05,63,"Copyright, 2016, Automatic Data Processing, Inc. (""ADP"")."
04/2008,115485.541,-346.459,-0.299,NPPTTL,2020-06-15,2020-06-15,Total Nonfarm Private Payroll Employment,2002-04-01,2020-05-01,Monthly,M,Thousands,Thous.,Seasonally Adjusted,SA,2020-06-03 07:26:01-05,63,"Copyright, 2016, Automatic Data Processing, Inc. (""ADP"")."
05/2008,115215.174,-270.367,-0.234,NPPTTL,2020-06-15,2020-06-15,Total Nonfarm Private Payroll Employment,2002-04-01,2020-05-01,Monthly,M,Thousands,Thous.,Seasonally Adjusted,SA,2020-06-03 07:26:01-05,63,"Copyright, 2016, Automatic Data Processing, Inc. (""ADP"")."
06/2008,114922.806,-292.368,-0.254,NPPTTL,2020-06-15,2020-06-15,Total Nonfarm Private Payroll Employment,2002-04-01,2020-05-01,Monthly,M,Thousands,Thous.,Seasonally Adjusted,SA,2020-06-03 07:26:01-05,63,"Copyright, 2016, Automatic Data Processing, Inc. (""ADP"")."
07/2008,114623.009,-299.797,-0.261,NPPTTL,2020-06-15,2020-06-15,Total Nonfarm Private Payroll Employment,2002-04-01,2020-05-01,Monthly,M,Thousands,Thous.,Seasonally Adjusted,SA,2020-06-03 07:26:01-05,63,"Copyright, 2016, Automatic Data Processing, Inc. (""ADP"")."
08/2008,114185.085,-437.924,-0.382,NPPTTL,2020-06-15,2020-06-15,Total Nonfarm Private Payroll Employment,2002-04-01,2020-05-01,Monthly,M,Thousands,Thous.,Seasonally Adjusted,SA,2020-06-03 07:26:01-05,63,"Copyright, 2016, Automatic Data Processing, Inc. (""ADP"")."
09/2008,113820.08,-365.005,-0.32,NPPTTL,2020-06-15,2020-06-15,Total Nonfarm Private Payroll Employment,2002-04-01,2020-05-01,Monthly,M,Thousands,Thous.,Seasonally Adjusted,SA,2020-06-03 07:26:01-05,63,"Copyright, 2016, Automatic Data Processing, Inc. (""ADP"")."
10/2008,113359.969,-460.111,-0.404,NPPTTL,2020-06-15,2020-06-15,Total Nonfarm Private Payroll Employment,2002-04-01,2020-05-01,Monthly,M,Thousands,Thous.,Seasonally Adjusted,SA,2020-06-03 07:26:01-05,63,"Copyright, 2016, Automatic Data Processing, Inc. (""ADP"")."
11/2008,112924.664,-435.305,-0.384,NPPTTL,2020-06-15,2020-06-15,Total Nonfarm Private Payroll Employment,2002-04-01,2020-05-01,Monthly,M,Thousands,Thous.,Seasonally Adjusted,SA,2020-06-03 07:26:01-05,63,"Copyright, 2016, Automatic Data Processing, Inc. (""ADP"")."
12/2008,112290.159,-634.505,-0.562,NPPTTL,2020-06-15,2020-06-15,Total Nonfarm Private Payroll Employment,2002-04-01,2020-05-01,Monthly,M,Thousands,Thous.,Seasonally Adjusted,SA,2020-06-03 07:26:01-05,63,"Copyright, 2016, Automatic Data Processing, Inc. (""ADP"")."
01/2009,111591.884,-698.275,-0.622,NPPTTL,2020-06-15,2020-06-15,Total Nonfarm Private Payroll Employment,2002-04-01,2020-05-01,Monthly,M,Thousands,Thous.,Seasonally Adjusted,SA,2020-06-03 07:26:01-05,63,"Copyright, 2016, Automatic Data Processing, Inc. (""ADP"")."
02/2009,110757.219,-834.665,-0.748,NPPTTL,2020-06-15,2020-06-15,Total Nonfarm Private Payroll Employment,2002-04-01,2020-05-01,Monthly,M,Thousands,Thous.,Seasonally Adjusted,SA,2020-06-03 07:26:01-05,63,"Copyright, 2016, Automatic Data Processing, Inc. (""ADP"")."
03/2009,109952.0,-805.219,-0.727,NPPTTL,2020-06-15,2020-06-15,Total Nonfarm Private Payroll Employment,2002-04-01,2020-05-01,Monthly,M,Thousands,Thous.,Seasonally Adjusted,SA,2020-06-03 07:26:01-05,63,"Copyright, 2016, Automatic Data Processing, Inc. (""ADP"")."
04/2009,109385.03,-566.97,-0.516,NPPTTL,2020-06-15,2020-06-15,Total Nonfarm Private Payroll Employment,2002-04-01,2020-05-01,Monthly,M,Thousands,Thous.,Seasonally Adjusted,SA,2020-06-03 07:26:01-05,63,"Copyright, 2016, Automatic Data Processing, Inc. (""ADP"")."
05/2009,108934.27,-450.76,-0.412,NPPTTL,2020-06-15,2020-06-15,Total Nonfarm Private Payroll Employment,2002-04-01,2020-05-01,Monthly,M,Thousands,Thous.,Seasonally Adjusted,SA,2020-06-03 07:26:01-05,63,"Copyright, 2016, Automatic Data Processing, Inc. (""ADP"")."
06/2009,108542.421,-391.849,-0.36,NPPTTL,2020-06-15,2020-06-15,Total Nonfarm Private Payroll Employment,2002-04-01,2020-05-01,Monthly,M,Thousands,Thous.,Seasonally Adjusted,SA,2020-06-03 07:26:01-05,63,"Copyright, 2016, Automatic Data Processing, Inc. (""ADP"")."
07/2009,108217.682,-324.739,-0.299,NPPTTL,2020-06-15,2020-06-15,Total Nonfarm Private Payroll Employment,2002-04-01,2020-05-01,Monthly,M,Thousands,Thous.,Seasonally Adjusted,SA,2020-06-03 07:26:01-05,63,"Copyright, 2016, Automatic Data Processing, Inc. (""ADP"")."
08/2009,107944.876,-272.806,-0.252,NPPTTL,2020-06-15,2020-06-15,Total Nonfarm Private Payroll Employment,2002-04-01,2020-05-01,Monthly,M,Thousands,Thous.,Seasonally Adjusted,SA,2020-06-03 07:26:01-05,63,"Copyright, 2016, Automatic Data Processing, Inc. (""ADP"")."
09/2009,107783.538,-161.338,-0.149,NPPTTL,2020-06-15,2020-06-15,Total Nonfarm Private Payroll Employment,2002-04-01,2020-05-01,Monthly,M,Thousands,Thous.,Seasonally Adjusted,SA,2020-06-03 07:26:01-05,63,"Copyright, 2016, Automatic Data Processing, Inc. (""ADP"")."
10/2009,107648.353,-135.185,-0.125,NPPTTL,2020-06-15,2020-06-15,Total Nonfarm Private Payroll Employment,2002-04-01,2020-05-01,Monthly,M,Thousands,Thous.,Seasonally Adjusted,SA,2020-06-03 07:26:01-05,63,"Copyright, 2016, Automatic Data Processing, Inc. (""ADP"")."
11/2009,107525.717,-122.636,-0.114,NPPTTL,2020-06-15,2020-06-15,Total Nonfarm Private Payroll Employment,2002-04-01,2020-05-01,Monthly,M,Thousands,Thous.,Seasonally Adjusted,SA,2020-06-03 07:26:01-05,63,"Copyright, 2016, Automatic Data Processing, Inc. (""ADP"")."
12/2009,107439.331,-86.386,-0.08,NPPTTL,2020-06-15,2020-06-15,Total Nonfarm Private Payroll Employment,2002-04-01,2020-05-01,Monthly,M,Thousands,Thous.,Seasonally Adjusted,SA,2020-06-03 07:26:01-05,63,"Copyright, 2016, Automatic Data Processing, Inc. (""ADP"")."
01/2010,107409.797,-29.534,-0.027,NPPTTL,2020-06-15,2020-06-15,Total Nonfarm Private Payroll Employment,2002-04-01,2020-05-01,Monthly,M,Thousands,Thous.,Seasonally Adjusted,SA,2020-06-03 07:26:01-05,63,"Copyright, 2016, Automatic Data Processing, Inc. (""ADP"")."
02/2010,107372.185,-37.612,-0.035,NPPTTL,2020-06-15,2020-06-15,Total Nonfarm Private Payroll Employment,2002-04-01,2020-05-01,Monthly,M,Thousands,Thous.,Seasonally Adjusted,SA,2020-06-03 07:26:01-05,63,"Copyright, 2016, Automatic Data Processing, Inc. (""ADP"")."
03/2010,107361.0,-11.185,-0.01,NPPTTL,2020-06-15,2020-06-15,Total Nonfarm Private Payroll Employment,2002-04-01,2020-05-01,Monthly,M,Thousands,Thous.,Seasonally Adjusted,SA,2020-06-03 07:26:01-05,63,"Copyright, 2016, Automatic Data Processing, Inc. (""ADP"")."
04/2010,107493.288,132.288,0.123,NPPTTL,2020-06-15,2020-06-15,Total Nonfarm Private Payroll Employment,2002-04-01,2020-05-01,Monthly,M,Thousands,Thous.,Seasonally Adjusted,SA,2020-06-03 07:26:01-05,63,"Copyright, 2016, Automatic Data Processing, Inc. (""ADP"")."
05/2010,107704.16,210.872,0.196,NPPTTL,2020-06-15,2020-06-15,Total Nonfarm Private Payroll Employment,2002-04-01,2020-05-01,Monthly,M,Thousands,Thous.,Seasonally Adjusted,SA,2020-06-03 07:26:01-05,63,"Copyright, 2016, Automatic Data Processing, Inc. (""ADP"")."
06/2010,107879.362,175.202,0.163,NPPTTL,2020-06-15,2020-06-15,Total Nonfarm Private Payroll Employment,2002-04-01,2020-05-01,Monthly,M,Thousands,Thous.,Seasonally Adjusted,SA,2020-06-03 07:26:01-05,63,"Copyright, 2016, Automatic Data Processing, Inc. (""ADP"")."
07/2010,107995.071,115.709,0.107,NPPTTL,2020-06-15,2020-06-15,Total Nonfarm Private Payroll Employment,2002-04-01,2020-05-01,Monthly,M,Thousands,Thous.,Seasonally Adjusted,SA,2020-06-03 07:26:01-05,63,"Copyright, 2016, Automatic Data Processing, Inc. (""ADP"")."
08/2010,108079.533,84.462,0.078,NPPTTL,2020-06-15,2020-06-15,Total Nonfarm Private Payroll Employment,2002-04-01,2020-05-01,Monthly,M,Thousands,Thous.,Seasonally Adjusted,SA,2020-06-03 07:26:01-05,63,"Copyright, 2016, Automatic Data Processing, Inc. (""ADP"")."
09/2010,108204.127,124.594,0.115,NPPTTL,2020-06-15,2020-06-15,Total Nonfarm Private Payroll Employment,2002-04-01,2020-05-01,Monthly,M,Thousands,Thous.,Seasonally Adjusted,SA,2020-06-03 07:26:01-05,63,"Copyright, 2016, Automatic Data Processing, Inc. (""ADP"")."
10/2010,108296.745,92.618,0.086,NPPTTL,2020-06-15,2020-06-15,Total Nonfarm Private Payroll Employment,2002-04-01,2020-05-01,Monthly,M,Thousands,Thous.,Seasonally Adjusted,SA,2020-06-03 07:26:01-05,63,"Copyright, 2016, Automatic Data Processing, Inc. (""ADP"")."
11/2010,108452.044,155.299,0.143,NPPTTL,2020-06-15,2020-06-15,Total Nonfarm Private Payroll Employment,2002-04-01,2020-05-01,Monthly,M,Thousands,Thous.,Seasonally Adjusted,SA,2020-06-03 07:26:01-05,63,"Copyright, 2016, Automatic Data Processing, Inc. (""ADP"")."
12/2010,108582.328,130.284,0.12,NPPTTL,2020-06-15,2020-06-15,Total Nonfarm Private Payroll Employment,2002-04-01,2020-05-01,Monthly,M,Thousands,Thous.,Seasonally Adjusted,SA,2020-06-03 07:26:01-05,63,"Copyright, 2016, Automatic Data Processing, Inc. (""ADP"")."
01/2011,108688.323,105.995,0.098,NPPTTL,2020-06-15,2020-06-15,Total Nonfarm Private Payroll Employment,2002-04-01,2020-05-01,Monthly,M,Thousands,Thous.,Seasonally Adjusted,SA,2020-06-03 07:26:01-05,63,"Copyright, 2016, Automatic Data Processing, Inc. (""ADP"")."
02/2011,108821.62,133.297,0.123,NPPTTL,2020-06-15,2020-06-15,Total Nonfarm Private Payroll Employment,2002-04-01,2020-05-01,Monthly,M,Thousands,Thous.,Seasonally Adjusted,SA,2020-06-03 07:26:01-05,63,"Copyright, 2016, Automatic Data Processing, Inc. (""ADP"")."
03/2011,109096.0,274.38,0.252,NPPTTL,2020-06-15,2020-06-15,Total Nonfarm Private Payroll Employment,2002-04-01,2020-05-01,Monthly,M,Thousands,Thous.,Seasonally Adjusted,SA,2020-06-03 07:26:01-05,63,"Copyright, 2016, Automatic Data Processing, Inc. (""ADP"")."
04/2011,109358.892,262.892,0.241,NPPTTL,2020-06-15,2020-06-15,Total Nonfarm Private Payroll Employment,2002-04-01,2020-05-01,Monthly,M,Thousands,Thous.,Seasonally Adjusted,SA,2020-06-03 07:26:01-05,63,"Copyright, 2016, Automatic Data Processing, Inc. (""ADP"")."
05/2011,109565.35,206.458,0.189,NPPTTL,2020-06-15,2020-06-15,Total Nonfarm Private Payroll Employment,2002-04-01,2020-05-01,Monthly,M,Thousands,Thous.,Seasonally Adjusted,SA,2020-06-03 07:26:01-05,63,"Copyright, 2016, Automatic Data Processing, Inc. (""ADP"")."
06/2011,109807.055,241.705,0.221,NPPTTL,2020-06-15,2020-06-15,Total Nonfarm Private Payroll Employment,2002-04-01,2020-05-01,Monthly,M,Thousands,Thous.,Seasonally Adjusted,SA,2020-06-03 07:26:01-05,63,"Copyright, 2016, Automatic Data Processing, Inc. (""ADP"")."
07/2011,109990.151,183.096,0.167,NPPTTL,2020-06-15,2020-06-15,Total Nonfarm Private Payroll Employment,2002-04-01,2020-05-01,Monthly,M,Thousands,Thous.,Seasonally Adjusted,SA,2020-06-03 07:26:01-05,63,"Copyright, 2016, Automatic Data Processing, Inc. (""ADP"")."
08/2011,110145.022,154.871,0.141,NPPTTL,2020-06-15,2020-06-15,Total Nonfarm Private Payroll Employment,2002-04-01,2020-05-01,Monthly,M,Thousands,Thous.,Seasonally Adjusted,SA,2020-06-03 07:26:01-05,63,"Copyright, 2016, Automatic Data Processing, Inc. (""ADP"")."
09/2011,110355.292,210.27,0.191,NPPTTL,2020-06-15,2020-06-15,Total Nonfarm Private Payroll Employment,2002-04-01,2020-05-01,Monthly,M,Thousands,Thous.,Seasonally Adjusted,SA,2020-06-03 07:26:01-05,63,"Copyright, 2016, Automatic Data Processing, Inc. (""ADP"")."
10/2011,110525.931,170.639,0.155,NPPTTL,2020-06-15,2020-06-15,Total Nonfarm Private Payroll Employment,2002-04-01,2020-05-01,Monthly,M,Thousands,Thous.,Seasonally Adjusted,SA,2020-06-03 07:26:01-05,63,"Copyright, 2016, Automatic Data Processing, Inc. (""ADP"")."
11/2011,110722.733,196.802,0.178,NPPTTL,2020-06-15,2020-06-15,Total Nonfarm Private Payroll Employment,2002-04-01,2020-05-01,Monthly,M,Thousands,Thous.,Seasonally Adjusted,SA,2020-06-03 07:26:01-05,63,"Copyright, 2016, Automatic Data Processing, Inc. (""ADP"")."
12/2011,110946.084,223.351,0.202,NPPTTL,2020-06-15,2020-06-15,Total Nonfarm Private Payroll Employment,2002-04-01,2020-05-01,Monthly,M,Thousands,Thous.,Seasonally Adjusted,SA,2020-06-03 07:26:01-05,63,"Copyright, 2016, Automatic Data Processing, Inc. (""ADP"")."
01/2012,111198.362,252.278,0.227,NPPTTL,2020-06-15,2020-06-15,Total Nonfarm Private Payroll Employment,2002-04-01,2020-05-01,Monthly,M,Thousands,Thous.,Seasonally Adjusted,SA,2020-06-03 07:26:01-05,63,"Copyright, 2016, Automatic Data Processing, Inc. (""ADP"")."
02/2012,111512.709,314.347,0.283,NPPTTL,2020-06-15,2020-06-15,Total Nonfarm Private Payroll Employment,2002-04-01,2020-05-01,Monthly,M,Thousands,Thous.,Seasonally Adjusted,SA,2020-06-03 07:26:01-05,63,"Copyright, 2016, Automatic Data Processing, Inc. (""ADP"")."
03/2012,111809.0,296.291,0.266,NPPTTL,2020-06-15,2020-06-15,Total Nonfarm Private Payroll Employment,2002-04-01,2020-05-01,Monthly,M,Thousands,Thous.,Seasonally Adjusted,SA,2020-06-03 07:26:01-05,63,"Copyright, 2016, Automatic Data Processing, Inc. (""ADP"")."
04/2012,111989.911,180.911,0.162,NPPTTL,2020-06-15,2020-06-15,Total Nonfarm Private Payroll Employment,2002-04-01,2020-05-01,Monthly,M,Thousands,Thous.,Seasonally Adjusted,SA,2020-06-03 07:26:01-05,63,"Copyright, 2016, Automatic Data Processing, Inc. (""ADP"")."
05/2012,112162.989,173.078,0.155,NPPTTL,2020-06-15,2020-06-15,Total Nonfarm Private Payroll Employment,2002-04-01,2020-05-01,Monthly,M,Thousands,Thous.,Seasonally Adjusted,SA,2020-06-03 07:26:01-05,63,"Copyright, 2016, Automatic Data Processing, Inc. (""ADP"")."
06/2012,112298.858,135.869,0.121,NPPTTL,2020-06-15,2020-06-15,Total Nonfarm Private Payroll Employment,2002-04-01,2020-05-01,Monthly,M,Thousands,Thous.,Seasonally Adjusted,SA,2020-06-03 07:26:01-05,63,"Copyright, 2016, Automatic Data Processing, Inc. (""ADP"")."
07/2012,112453.999,155.141,0.138,NPPTTL,2020-06-15,2020-06-15,Total Nonfarm Private Payroll Employment,2002-04-01,2020-05-01,Monthly,M,Thousands,Thous.,Seasonally Adjusted,SA,2020-06-03 07:26:01-05,63,"Copyright, 2016, Automatic Data Processing, Inc. (""ADP"")."
08/2012,112616.815,162.816,0.145,NPPTTL,2020-06-15,2020-06-15,Total Nonfarm Private Payroll Employment,2002-04-01,2020-05-01,Monthly,M,Thousands,Thous.,Seasonally Adjusted,SA,2020-06-03 07:26:01-05,63,"Copyright, 2016, Automatic Data Processing, Inc. (""ADP"")."
09/2012,112736.083,119.268,0.106,NPPTTL,2020-06-15,2020-06-15,Total Nonfarm Private Payroll Employment,2002-04-01,2020-05-01,Monthly,M,Thousands,Thous.,Seasonally Adjusted,SA,2020-06-03 07:26:01-05,63,"Copyright, 2016, Automatic Data Processing, Inc. (""ADP"")."
10/2012,112889.836,153.753,0.136,NPPTTL,2020-06-15,2020-06-15,Total Nonfarm Private Payroll Employment,2002-04-01,2020-05-01,Monthly,M,Thousands,Thous.,Seasonally Adjusted,SA,2020-06-03 07:26:01-05,63,"Copyright, 2016, Automatic Data Processing, Inc. (""ADP"")."
11/2012,113045.693,155.857,0.138,NPPTTL,2020-06-15,2020-06-15,Total Nonfarm Private Payroll Employment,2002-04-01,2020-05-01,Monthly,M,Thousands,Thous.,Seasonally Adjusted,SA,2020-06-03 07:26:01-05,63,"Copyright, 2016, Automatic Data Processing, Inc. (""ADP"")."
12/2012,113261.58,215.887,0.191,NPPTTL,2020-06-15,2020-06-15,Total Nonfarm Private Payroll Employment,2002-04-01,2020-05-01,Monthly,M,Thousands,Thous.,Seasonally Adjusted,SA,2020-06-03 07:26:01-05,63,"Copyright, 2016, Automatic Data Processing, Inc. (""ADP"")."
01/2013,113448.44,186.86,0.165,NPPTTL,2020-06-15,2020-06-15,Total Nonfarm Private Payroll Employment,2002-04-01,2020-05-01,Monthly,M,Thousands,Thous.,Seasonally Adjusted,SA,2020-06-03 07:26:01-05,63,"Copyright, 2016, Automatic Data Processing, Inc. (""ADP"")."
02/2013,113588.178,139.738,0.123,NPPTTL,2020-06-15,2020-06-15,Total Nonfarm Private Payroll Employment,2002-04-01,2020-05-01,Monthly,M,Thousands,Thous.,Seasonally Adjusted,SA,2020-06-03 07:26:01-05,63,"Copyright, 2016, Automatic Data Processing, Inc. (""ADP"")."
03/2013,113810.0,221.822,0.195,NPPTTL,2020-06-15,2020-06-15,Total Nonfarm Private Payroll Employment,2002-04-01,2020-05-01,Monthly,M,Thousands,Thous.,Seasonally Adjusted,SA,2020-06-03 07:26:01-05,63,"Copyright, 2016, Automatic Data Processing, Inc. (""ADP"")."
04/2013,113924.988,114.988,0.101,NPPTTL,2020-06-15,2020-06-15,Total Nonfarm Private Payroll Employment,2002-04-01,2020-05-01,Monthly,M,Thousands,Thous.,Seasonally Adjusted,SA,2020-06-03 07:26:01-05,63,"Copyright, 2016, Automatic Data Processing, Inc. (""ADP"")."
05/2013,114112.245,187.257,0.164,NPPTTL,2020-06-15,2020-06-15,Total Nonfarm Private Payroll Employment,2002-04-01,2020-05-01,Monthly,M,Thousands,Thous.,Seasonally Adjusted,SA,2020-06-03 07:26:01-05,63,"Copyright, 2016, Automatic Data Processing, Inc. (""ADP"")."
06/2013,114293.457,181.212,0.159,NPPTTL,2020-06-15,2020-06-15,Total Nonfarm Private Payroll Employment,2002-04-01,2020-05-01,Monthly,M,Thousands,Thous.,Seasonally Adjusted,SA,2020-06-03 07:26:01-05,63,"Copyright, 2016, Automatic Data Processing, Inc. (""ADP"")."
07/2013,114498.749,205.292,0.18,NPPTTL,2020-06-15,2020-06-15,Total Nonfarm Private Payroll Employment,2002-04-01,2020-05-01,Monthly,M,Thousands,Thous.,Seasonally Adjusted,SA,2020-06-03 07:26:01-05,63,"Copyright, 2016, Automatic Data Processing, Inc. (""ADP"")."
08/2013,114678.775,180.026,0.157,NPPTTL,2020-06-15,2020-06-15,Total Nonfarm Private Payroll Employment,2002-04-01,2020-05-01,Monthly,M,Thousands,Thous.,Seasonally Adjusted,SA,2020-06-03 07:26:01-05,63,"Copyright, 2016, Automatic Data Processing, Inc. (""ADP"")."
09/2013,114909.503,230.728,0.201,NPPTTL,2020-06-15,2020-06-15,Total Nonfarm Private Payroll Employment,2002-04-01,2020-05-01,Monthly,M,Thousands,Thous.,Seasonally Adjusted,SA,2020-06-03 07:26:01-05,63,"Copyright, 2016, Automatic Data Processing, Inc. (""ADP"")."
10/2013,115074.899,165.396,0.144,NPPTTL,2020-06-15,2020-06-15,Total Nonfarm Private Payroll Employment,2002-04-01,2020-05-01,Monthly,M,Thousands,Thous.,Seasonally Adjusted,SA,2020-06-03 07:26:01-05,63,"Copyright, 2016, Automatic Data Processing, Inc. (""ADP"")."
11/2013,115264.554,189.655,0.165,NPPTTL,2020-06-15,2020-06-15,Total Nonfarm Private Payroll Employment,2002-04-01,2020-05-01,Monthly,M,Thousands,Thous.,Seasonally Adjusted,SA,2020-06-03 07:26:01-05,63,"Copyright, 2016, Automatic Data Processing, Inc. (""ADP"")."
12/2013,115516.119,251.565,0.218,NPPTTL,2020-06-15,2020-06-15,Total Nonfarm Private Payroll Employment,2002-04-01,2020-05-01,Monthly,M,Thousands,Thous.,Seasonally Adjusted,SA,2020-06-03 07:26:01-05,63,"Copyright, 2016, Automatic Data Processing, Inc. (""ADP"")."
01/2014,115727.229,211.11,0.183,NPPTTL,2020-06-15,2020-06-15,Total Nonfarm Private Payroll Employment,2002-04-01,2020-05-01,Monthly,M,Thousands,Thous.,Seasonally Adjusted,SA,2020-06-03 07:26:01-05,63,"Copyright, 2016, Automatic Data Processing, Inc. (""ADP"")."
02/2014,115883.757,156.528,0.135,NPPTTL,2020-06-15,2020-06-15,Total Nonfarm Private Payroll Employment,2002-04-01,2020-05-01,Monthly,M,Thousands,Thous.,Seasonally Adjusted,SA,2020-06-03 07:26:01-05,63,"Copyright, 2016, Automatic Data Processing, Inc. (""ADP"")."
03/2014,116135.0,251.243,0.217,NPPTTL,2020-06-15,2020-06-15,Total Nonfarm Private Payroll Employment,2002-04-01,2020-05-01,Monthly,M,Thousands,Thous.,Seasonally Adjusted,SA,2020-06-03 07:26:01-05,63,"Copyright, 2016, Automatic Data Processing, Inc. (""ADP"")."
04/2014,116348.718,213.718,0.184,NPPTTL,2020-06-15,2020-06-15,Total Nonfarm Private Payroll Employment,2002-04-01,2020-05-01,Monthly,M,Thousands,Thous.,Seasonally Adjusted,SA,2020-06-03 07:26:01-05,63,"Copyright, 2016, Automatic Data Processing, Inc. (""ADP"")."
05/2014,116530.417,181.699,0.156,NPPTTL,2020-06-15,2020-06-15,Total Nonfarm Private Payroll Employment,2002-04-01,2020-05-01,Monthly,M,Thousands,Thous.,Seasonally Adjusted,SA,2020-06-03 07:26:01-05,63,"Copyright, 2016, Automatic Data Processing, Inc. (""ADP"")."
06/2014,116781.725,251.308,0.216,NPPTTL,2020-06-15,2020-06-15,Total Nonfarm Private Payroll Employment,2002-04-01,2020-05-01,Monthly,M,Thousands,Thous.,Seasonally Adjusted,SA,2020-06-03 07:26:01-05,63,"Copyright, 2016, Automatic Data Processing, Inc. (""ADP"")."
07/2014,117009.536,227.811,0.195,NPPTTL,2020-06-15,2020-06-15,Total Nonfarm Private Payroll Employment,2002-04-01,2020-05-01,Monthly,M,Thousands,Thous.,Seasonally Adjusted,SA,2020-06-03 07:26:01-05,63,"Copyright, 2016, Automatic Data Processing, Inc. (""ADP"")."
08/2014,117246.705,237.169,0.203,NPPTTL,2020-06-15,2020-06-15,Total Nonfarm Private Payroll Employment,2002-04-01,2020-05-01,Monthly,M,Thousands,Thous.,Seasonally Adjusted,SA,2020-06-03 07:26:01-05,63,"Copyright, 2016, Automatic Data Processing, Inc. (""ADP"")."
09/2014,117482.242,235.537,0.201,NPPTTL,2020-06-15,2020-06-15,Total Nonfarm Private Payroll Employment,2002-04-01,2020-05-01,Monthly,M,Thousands,Thous.,Seasonally Adjusted,SA,2020-06-03 07:26:01-05,63,"Copyright, 2016, Automatic Data Processing, Inc. (""ADP"")."
10/2014,117700.192,217.95,0.186,NPPTTL,2020-06-15,2020-06-15,Total Nonfarm Private Payroll Employment,2002-04-01,2020-05-01,Monthly,M,Thousands,Thous.,Seasonally Adjusted,SA,2020-06-03 07:26:01-05,63,"Copyright, 2016, Automatic Data Processing, Inc. (""ADP"")."
11/2014,117898.548,198.356,0.169,NPPTTL,2020-06-15,2020-06-15,Total Nonfarm Private Payroll Employment,2002-04-01,2020-05-01,Monthly,M,Thousands,Thous.,Seasonally Adjusted,SA,2020-06-03 07:26:01-05,63,"Copyright, 2016, Automatic Data Processing, Inc. (""ADP"")."
12/2014,118164.866,266.318,0.226,NPPTTL,2020-06-15,2020-06-15,Total Nonfarm Private Payroll Employment,2002-04-01,2020-05-01,Monthly,M,Thousands,Thous.,Seasonally Adjusted,SA,2020-06-03 07:26:01-05,63,"Copyright, 2016, Automatic Data Processing, Inc. (""ADP"")."
01/2015,118452.554,287.688,0.243,NPPTTL,2020-06-15,2020-06-15,Total Nonfarm Private Payroll Employment,2002-04-01,2020-05-01,Monthly,M,Thousands,Thous.,Seasonally Adjusted,SA,2020-06-03 07:26:01-05,63,"Copyright, 2016, Automatic Data Processing, Inc. (""ADP"")."
02/2015,118721.853,269.299,0.227,NPPTTL,2020-06-15,2020-06-15,Total Nonfarm Private Payroll Employment,2002-04-01,2020-05-01,Monthly,M,Thousands,Thous.,Seasonally Adjusted,SA,2020-06-03 07:26:01-05,63,"Copyright, 2016, Automatic Data Processing, Inc. (""ADP"")."
03/2015,118940.0,218.147,0.184,NPPTTL,2020-06-15,2020-06-15,Total Nonfarm Private Payroll Employment,2002-04-01,2020-05-01,Monthly,M,Thousands,Thous.,Seasonally Adjusted,SA,2020-06-03 07:26:01-05,63,"Copyright, 2016, Automatic Data Processing, Inc. (""ADP"")."
04/2015,119151.961,211.961,0.178,NPPTTL,2020-06-15,2020-06-15,Total Nonfarm Private Payroll Employment,2002-04-01,2020-05-01,Monthly,M,Thousands,Thous.,Seasonally Adjusted,SA,2020-06-03 07:26:01-05,63,"Copyright, 2016, Automatic Data Processing, Inc. (""ADP"")."
05/2015,119368.982,217.021,0.182,NPPTTL,2020-06-15,2020-06-15,Total Nonfarm Private Payroll Employment,2002-04-01,2020-05-01,Monthly,M,Thousands,Thous.,Seasonally Adjusted,SA,2020-06-03 07:26:01-05,63,"Copyright, 2016, Automatic Data Processing, Inc. (""ADP"")."
06/2015,119579.546,210.564,0.176,NPPTTL,2020-06-15,2020-06-15,Total Nonfarm Private Payroll Employment,2002-04-01,2020-05-01,Monthly,M,Thousands,Thous.,Seasonally Adjusted,SA,2020-06-03 07:26:01-05,63,"Copyright, 2016, Automatic Data Processing, Inc. (""ADP"")."
07/2015,119793.996,214.45,0.179,NPPTTL,2020-06-15,2020-06-15,Total Nonfarm Private Payroll Employment,2002-04-01,2020-05-01,Monthly,M,Thousands,Thous.,Seasonally Adjusted,SA,2020-06-03 07:26:01-05,63,"Copyright, 2016, Automatic Data Processing, Inc. (""ADP"")."
08/2015,119977.711,183.715,0.153,NPPTTL,2020-06-15,2020-06-15,Total Nonfarm Private Payroll Employment,2002-04-01,2020-05-01,Monthly,M,Thousands,Thous.,Seasonally Adjusted,SA,2020-06-03 07:26:01-05,63,"Copyright, 2016, Automatic Data Processing, Inc. (""ADP"")."
09/2015,120157.155,179.444,0.15,NPPTTL,2020-06-15,2020-06-15,Total Nonfarm Private Payroll Employment,2002-04-01,2020-05-01,Monthly,M,Thousands,Thous.,Seasonally Adjusted,SA,2020-06-03 07:26:01-05,63,"Copyright, 2016, Automatic Data Processing, Inc. (""ADP"")."
10/2015,120307.259,150.104,0.125,NPPTTL,2020-06-15,2020-06-15,Total Nonfarm Private Payroll Employment,2002-04-01,2020-05-01,Monthly,M,Thousands,Thous.,Seasonally Adjusted,SA,2020-06-03 07:26:01-05,63,"Copyright, 2016, Automatic Data Processing, Inc. (""ADP"")."
11/2015,120492.093,184.834,0.154,NPPTTL,2020-06-15,2020-06-15,Total Nonfarm Private Payroll Employment,2002-04-01,2020-05-01,Monthly,M,Thousands,Thous.,Seasonally Adjusted,SA,2020-06-03 07:26:01-05,63,"Copyright, 2016, Automatic Data Processing, Inc. (""ADP"")."
12/2015,120733.312,241.219,0.2,NPPTTL,2020-06-15,2020-06-15,Total Nonfarm Private Payroll Employment,2002-04-01,2020-05-01,Monthly,M,Thousands,Thous.,Seasonally Adjusted,SA,2020-06-03 07:26:01-05,63,"Copyright, 2016, Automatic Data Processing, Inc. (""ADP"")."
01/2016,120953.287,219.975,0.182,NPPTTL,2020-06-15,2020-06-15,Total Nonfarm Private Payroll Employment,2002-04-01,2020-05-01,Monthly,M,Thousands,Thous.,Seasonally Adjusted,SA,2020-06-03 07:26:01-05,63,"Copyright, 2016, Automatic Data Processing, Inc. (""ADP"")."
02/2016,121223.032,269.745,0.223,NPPTTL,2020-06-15,2020-06-15,Total Nonfarm Private Payroll Employment,2002-04-01,2020-05-01,Monthly,M,Thousands,Thous.,Seasonally Adjusted,SA,2020-06-03 07:26:01-05,63,"Copyright, 2016, Automatic Data Processing, Inc. (""ADP"")."
03/2016,121482.0,258.968,0.214,NPPTTL,2020-06-15,2020-06-15,Total Nonfarm Private Payroll Employment,2002-04-01,2020-05-01,Monthly,M,Thousands,Thous.,Seasonally Adjusted,SA,2020-06-03 07:26:01-05,63,"Copyright, 2016, Automatic Data Processing, Inc. (""ADP"")."
04/2016,121640.435,158.435,0.13,NPPTTL,2020-06-15,2020-06-15,Total Nonfarm Private Payroll Employment,2002-04-01,2020-05-01,Monthly,M,Thousands,Thous.,Seasonally Adjusted,SA,2020-06-03 07:26:01-05,63,"Copyright, 2016, Automatic Data Processing, Inc. (""ADP"")."
05/2016,121700.562,60.127,0.049,NPPTTL,2020-06-15,2020-06-15,Total Nonfarm Private Payroll Employment,2002-04-01,2020-05-01,Monthly,M,Thousands,Thous.,Seasonally Adjusted,SA,2020-06-03 07:26:01-05,63,"Copyright, 2016, Automatic Data Processing, Inc. (""ADP"")."
06/2016,122002.204,301.642,0.248,NPPTTL,2020-06-15,2020-06-15,Total Nonfarm Private Payroll Employment,2002-04-01,2020-05-01,Monthly,M,Thousands,Thous.,Seasonally Adjusted,SA,2020-06-03 07:26:01-05,63,"Copyright, 2016, Automatic Data Processing, Inc. (""ADP"")."
07/2016,122193.294,191.09,0.157,NPPTTL,2020-06-15,2020-06-15,Total Nonfarm Private Payroll Employment,2002-04-01,2020-05-01,Monthly,M,Thousands,Thous.,Seasonally Adjusted,SA,2020-06-03 07:26:01-05,63,"Copyright, 2016, Automatic Data Processing, Inc. (""ADP"")."
08/2016,122275.128,81.834,0.067,NPPTTL,2020-06-15,2020-06-15,Total Nonfarm Private Payroll Employment,2002-04-01,2020-05-01,Monthly,M,Thousands,Thous.,Seasonally Adjusted,SA,2020-06-03 07:26:01-05,63,"Copyright, 2016, Automatic Data Processing, Inc. (""ADP"")."
09/2016,122566.371,291.243,0.238,NPPTTL,2020-06-15,2020-06-15,Total Nonfarm Private Payroll Employment,2002-04-01,2020-05-01,Monthly,M,Thousands,Thous.,Seasonally Adjusted,SA,2020-06-03 07:26:01-05,63,"Copyright, 2016, Automatic Data Processing, Inc. (""ADP"")."
10/2016,122712.566,146.195,0.119,NPPTTL,2020-06-15,2020-06-15,Total Nonfarm Private Payroll Employment,2002-04-01,2020-05-01,Monthly,M,Thousands,Thous.,Seasonally Adjusted,SA,2020-06-03 07:26:01-05,63,"Copyright, 2016, Automatic Data Processing, Inc. (""ADP"")."
11/2016,122918.946,206.38,0.168,NPPTTL,2020-06-15,2020-06-15,Total Nonfarm Private Payroll Employment,2002-04-01,2020-05-01,Monthly,M,Thousands,Thous.,Seasonally Adjusted,SA,2020-06-03 07:26:01-05,63,"Copyright, 2016, Automatic Data Processing, Inc. (""ADP"")."
12/2016,123060.116,141.17,0.115,NPPTTL,2020-06-15,2020-06-15,Total Nonfarm Private Payroll Employment,2002-04-01,2020-05-01,Monthly,M,Thousands,Thous.,Seasonally Adjusted,SA,2020-06-03 07:26:01-05,63,"Copyright, 2016, Automatic Data Processing, Inc. (""ADP"")."
01/2017,123254.859,194.743,0.158,NPPTTL,2020-06-15,2020-06-15,Total Nonfarm Private Payroll Employment,2002-04-01,2020-05-01,Monthly,M,Thousands,Thous.,Seasonally Adjusted,SA,2020-06-03 07:26:01-05,63,"Copyright, 2016, Automatic Data Processing, Inc. (""ADP"")."
02/2017,123515.133,260.274,0.211,NPPTTL,2020-06-15,2020-06-15,Total Nonfarm Private Payroll Employment,2002-04-01,2020-05-01,Monthly,M,Thousands,Thous.,Seasonally Adjusted,SA,2020-06-03 07:26:01-05,63,"Copyright, 2016, Automatic Data Processing, Inc. (""ADP"")."
03/2017,123619.0,103.867,0.084,NPPTTL,2020-06-15,2020-06-15,Total Nonfarm Private Payroll Employment,2002-04-01,2020-05-01,Monthly,M,Thousands,Thous.,Seasonally Adjusted,SA,2020-06-03 07:26:01-05,63,"Copyright, 2016, Automatic Data Processing, Inc. (""ADP"")."
04/2017,123789.059,170.059,0.138,NPPTTL,2020-06-15,2020-06-15,Total Nonfarm Private Payroll Employment,2002-04-01,2020-05-01,Monthly,M,Thousands,Thous.,Seasonally Adjusted,SA,2020-06-03 07:26:01-05,63,"Copyright, 2016, Automatic Data Processing, Inc. (""ADP"")."
05/2017,123957.709,168.65,0.136,NPPTTL,2020-06-15,2020-06-15,Total Nonfarm Private Payroll Employment,2002-04-01,2020-05-01,Monthly,M,Thousands,Thous.,Seasonally Adjusted,SA,2020-06-03 07:26:01-05,63,"Copyright, 2016, Automatic Data Processing, Inc. (""ADP"")."
06/2017,124118.434,160.725,0.13,NPPTTL,2020-06-15,2020-06-15,Total Nonfarm Private Payroll Employment,2002-04-01,2020-05-01,Monthly,M,Thousands,Thous.,Seasonally Adjusted,SA,2020-06-03 07:26:01-05,63,"Copyright, 2016, Automatic Data Processing, Inc. (""ADP"")."
07/2017,124294.76,176.326,0.142,NPPTTL,2020-06-15,2020-06-15,Total Nonfarm Private Payroll Employment,2002-04-01,2020-05-01,Monthly,M,Thousands,Thous.,Seasonally Adjusted,SA,2020-06-03 07:26:01-05,63,"Copyright, 2016, Automatic Data Processing, Inc. (""ADP"")."
08/2017,124454.589,159.829,0.129,NPPTTL,2020-06-15,2020-06-15,Total Nonfarm Private Payroll Employment,2002-04-01,2020-05-01,Monthly,M,Thousands,Thous.,Seasonally Adjusted,SA,2020-06-03 07:26:01-05,63,"Copyright, 2016, Automatic Data Processing, Inc. (""ADP"")."
09/2017,124415.128,-39.461,-0.032,NPPTTL,2020-06-15,2020-06-15,Total Nonfarm Private Payroll Employment,2002-04-01,2020-05-01,Monthly,M,Thousands,Thous.,Seasonally Adjusted,SA,2020-06-03 07:26:01-05,63,"Copyright, 2016, Automatic Data Processing, Inc. (""ADP"")."
10/2017,124720.17,305.042,0.245,NPPTTL,2020-06-15,2020-06-15,Total Nonfarm Private Payroll Employment,2002-04-01,2020-05-01,Monthly,M,Thousands,Thous.,Seasonally Adjusted,SA,2020-06-03 07:26:01-05,63,"Copyright, 2016, Automatic Data Processing, Inc. (""ADP"")."
11/2017,124940.908,220.738,0.177,NPPTTL,2020-06-15,2020-06-15,Total Nonfarm Private Payroll Employment,2002-04-01,2020-05-01,Monthly,M,Thousands,Thous.,Seasonally Adjusted,SA,2020-06-03 07:26:01-05,63,"Copyright, 2016, Automatic Data Processing, Inc. (""ADP"")."
12/2017,125183.628,242.72,0.194,NPPTTL,2020-06-15,2020-06-15,Total Nonfarm Private Payroll Employment,2002-04-01,2020-05-01,Monthly,M,Thousands,Thous.,Seasonally Adjusted,SA,2020-06-03 07:26:01-05,63,"Copyright, 2016, Automatic Data Processing, Inc. (""ADP"")."
01/2018,125389.272,205.644,0.164,NPPTTL,2020-06-15,2020-06-15,Total Nonfarm Private Payroll Employment,2002-04-01,2020-05-01,Monthly,M,Thousands,Thous.,Seasonally Adjusted,SA,2020-06-03 07:26:01-05,63,"Copyright, 2016, Automatic Data Processing, Inc. (""ADP"")."
02/2018,125667.287,278.015,0.222,NPPTTL,2020-06-15,2020-06-15,Total Nonfarm Private Payroll Employment,2002-04-01,2020-05-01,Monthly,M,Thousands,Thous.,Seasonally Adjusted,SA,2020-06-03 07:26:01-05,63,"Copyright, 2016, Automatic Data Processing, Inc. (""ADP"")."
03/2018,125850.0,182.713,0.145,NPPTTL,2020-06-15,2020-06-15,Total Nonfarm Private Payroll Employment,2002-04-01,2020-05-01,Monthly,M,Thousands,Thous.,Seasonally Adjusted,SA,2020-06-03 07:26:01-05,63,"Copyright, 2016, Automatic Data Processing, Inc. (""ADP"")."
04/2018,126046.497,196.497,0.156,NPPTTL,2020-06-15,2020-06-15,Total Nonfarm Private Payroll Employment,2002-04-01,2020-05-01,Monthly,M,Thousands,Thous.,Seasonally Adjusted,SA,2020-06-03 07:26:01-05,63,"Copyright, 2016, Automatic Data Processing, Inc. (""ADP"")."
05/2018,126216.878,170.381,0.135,NPPTTL,2020-06-15,2020-06-15,Total Nonfarm Private Payroll Employment,2002-04-01,2020-05-01,Monthly,M,Thousands,Thous.,Seasonally Adjusted,SA,2020-06-03 07:26:01-05,63,"Copyright, 2016, Automatic Data Processing, Inc. (""ADP"")."
06/2018,126343.442,126.564,0.1,NPPTTL,2020-06-15,2020-06-15,Total Nonfarm Private Payroll Employment,2002-04-01,2020-05-01,Monthly,M,Thousands,Thous.,Seasonally Adjusted,SA,2020-06-03 07:26:01-05,63,"Copyright, 2016, Automatic Data Processing, Inc. (""ADP"")."
07/2018,126521.34,177.898,0.141,NPPTTL,2020-06-15,2020-06-15,Total Nonfarm Private Payroll Employment,2002-04-01,2020-05-01,Monthly,M,Thousands,Thous.,Seasonally Adjusted,SA,2020-06-03 07:26:01-05,63,"Copyright, 2016, Automatic Data Processing, Inc. (""ADP"")."
08/2018,126672.241,150.901,0.119,NPPTTL,2020-06-15,2020-06-15,Total Nonfarm Private Payroll Employment,2002-04-01,2020-05-01,Monthly,M,Thousands,Thous.,Seasonally Adjusted,SA,2020-06-03 07:26:01-05,63,"Copyright, 2016, Automatic Data Processing, Inc. (""ADP"")."
09/2018,126752.975,80.734,0.064,NPPTTL,2020-06-15,2020-06-15,Total Nonfarm Private Payroll Employment,2002-04-01,2020-05-01,Monthly,M,Thousands,Thous.,Seasonally Adjusted,SA,2020-06-03 07:26:01-05,63,"Copyright, 2016, Automatic Data Processing, Inc. (""ADP"")."
10/2018,126972.881,219.906,0.173,NPPTTL,2020-06-15,2020-06-15,Total Nonfarm Private Payroll Employment,2002-04-01,2020-05-01,Monthly,M,Thousands,Thous.,Seasonally Adjusted,SA,2020-06-03 07:26:01-05,63,"Copyright, 2016, Automatic Data Processing, Inc. (""ADP"")."
11/2018,127114.757,141.876,0.112,NPPTTL,2020-06-15,2020-06-15,Total Nonfarm Private Payroll Employment,2002-04-01,2020-05-01,Monthly,M,Thousands,Thous.,Seasonally Adjusted,SA,2020-06-03 07:26:01-05,63,"Copyright, 2016, Automatic Data Processing, Inc. (""ADP"")."
12/2018,127291.373,176.616,0.139,NPPTTL,2020-06-15,2020-06-15,Total Nonfarm Private Payroll Employment,2002-04-01,2020-05-01,Monthly,M,Thousands,Thous.,Seasonally Adjusted,SA,2020-06-03 07:26:01-05,63,"Copyright, 2016, Automatic Data Processing, Inc. (""ADP"")."
01/2019,127436.272,144.899,0.114,NPPTTL,2020-06-15,2020-06-15,Total Nonfarm Private Payroll Employment,2002-04-01,2020-05-01,Monthly,M,Thousands,Thous.,Seasonally Adjusted,SA,2020-06-03 07:26:01-05,63,"Copyright, 2016, Automatic Data Processing, Inc. (""ADP"")."
02/2019,127589.484,153.212,0.12,NPPTTL,2020-06-15,2020-06-15,Total Nonfarm Private Payroll Employment,2002-04-01,2020-05-01,Monthly,M,Thousands,Thous.,Seasonally Adjusted,SA,2020-06-03 07:26:01-05,63,"Copyright, 2016, Automatic Data Processing, Inc. (""ADP"")."
03/2019,127754.0,164.516,0.129,NPPTTL,2020-06-15,2020-06-15,Total Nonfarm Private Payroll Employment,2002-04-01,2020-05-01,Monthly,M,Thousands,Thous.,Seasonally Adjusted,SA,2020-06-03 07:26:01-05,63,"Copyright, 2016, Automatic Data Processing, Inc. (""ADP"")."
04/2019,127950.198,196.198,0.154,NPPTTL,2020-06-15,2020-06-15,Total Nonfarm Private Payroll Employment,2002-04-01,2020-05-01,Monthly,M,Thousands,Thous.,Seasonally Adjusted,SA,2020-06-03 07:26:01-05,63,"Copyright, 2016, Automatic Data Processing, Inc. (""ADP"")."
05/2019,128039.241,89.043,0.07,NPPTTL,2020-06-15,2020-06-15,Total Nonfarm Private Payroll Employment,2002-04-01,2020-05-01,Monthly,M,Thousands,Thous.,Seasonally Adjusted,SA,2020-06-03 07:26:01-05,63,"Copyright, 2016, Automatic Data Processing, Inc. (""ADP"")."
06/2019,128203.785,164.544,0.129,NPPTTL,2020-06-15,2020-06-15,Total Nonfarm Private Payroll Employment,2002-04-01,2020-05-01,Monthly,M,Thousands,Thous.,Seasonally Adjusted,SA,2020-06-03 07:26:01-05,63,"Copyright, 2016, Automatic Data Processing, Inc. (""ADP"")."
07/2019,128354.269,150.484,0.117,NPPTTL,2020-06-15,2020-06-15,Total Nonfarm Private Payroll Employment,2002-04-01,2020-05-01,Monthly,M,Thousands,Thous.,Seasonally Adjusted,SA,2020-06-03 07:26:01-05,63,"Copyright, 2016, Automatic Data Processing, Inc. (""ADP"")."
08/2019,128520.087,165.818,0.129,NPPTTL,2020-06-15,2020-06-15,Total Nonfarm Private Payroll Employment,2002-04-01,2020-05-01,Monthly,M,Thousands,Thous.,Seasonally Adjusted,SA,2020-06-03 07:26:01-05,63,"Copyright, 2016, Automatic Data Processing, Inc. (""ADP"")."
09/2019,128683.834,163.747,0.127,NPPTTL,2020-06-15,2020-06-15,Total Nonfarm Private Payroll Employment,2002-04-01,2020-05-01,Monthly,M,Thousands,Thous.,Seasonally Adjusted,SA,2020-06-03 07:26:01-05,63,"Copyright, 2016, Automatic Data Processing, Inc. (""ADP"")."
10/2019,128757.012,73.178,0.057,NPPTTL,2020-06-15,2020-06-15,Total Nonfarm Private Payroll Employment,2002-04-01,2020-05-01,Monthly,M,Thousands,Thous.,Seasonally Adjusted,SA,2020-06-03 07:26:01-05,63,"Copyright, 2016, Automatic Data Processing, Inc. (""ADP"")."
11/2019,128917.654,160.642,0.125,NPPTTL,2020-06-15,2020-06-15,Total Nonfarm Private Payroll Employment,2002-04-01,2020-05-01,Monthly,M,Thousands,Thous.,Seasonally Adjusted,SA,2020-06-03 07:26:01-05,63,"Copyright, 2016, Automatic Data Processing, Inc. (""ADP"")."
12/2019,129084.76,167.106,0.13,NPPTTL,2020-06-15,2020-06-15,Total Nonfarm Private Payroll Employment,2002-04-01,2020-05-01,Monthly,M,Thousands,Thous.,Seasonally Adjusted,SA,2020-06-03 07:26:01-05,63,"Copyright, 2016, Automatic Data Processing, Inc. (""ADP"")."
01/2020,129290.213,205.453,0.159,NPPTTL,2020-06-15,2020-06-15,Total Nonfarm Private Payroll Employment,2002-04-01,2020-05-01,Monthly,M,Thousands,Thous.,Seasonally Adjusted,SA,2020-06-03 07:26:01-05,63,"Copyright, 2016, Automatic Data Processing, Inc. (""ADP"")."
02/2020,129437.45,147.237,0.114,NPPTTL,2020-06-15,2020-06-15,Total Nonfarm Private Payroll Employment,2002-04-01,2020-05-01,Monthly,M,Thousands,Thous.,Seasonally Adjusted,SA,2020-06-03 07:26:01-05,63,"Copyright, 2016, Automatic Data Processing, Inc. (""ADP"")."
03/2020,129135.563,-301.887,-0.233,NPPTTL,2020-06-15,2020-06-15,Total Nonfarm Private Payroll Employment,2002-04-01,2020-05-01,Monthly,M,Thousands,Thous.,Seasonally Adjusted,SA,2020-06-03 07:26:01-05,63,"Copyright, 2016, Automatic Data Processing, Inc. (""ADP"")."
04/2020,109578.778,-19556.785,-15.144,NPPTTL,2020-06-15,2020-06-15,Total Nonfarm Private Payroll Employment,2002-04-01,2020-05-01,Monthly,M,Thousands,Thous.,Seasonally Adjusted,SA,2020-06-03 07:26:01-05,63,"Copyright, 2016, Automatic Data Processing, Inc. (""ADP"")."
05/2020,106818.423,-2760.355,-2.519,NPPTTL,2020-06-15,2020-06-15,Total Nonfarm Private Payroll Employment,2002-04-01,2020-05-01,Monthly,M,Thousands,Thous.,Seasonally Adjusted,SA,2020-06-03 07:26:01-05,63,"Copyright, 2016, Automatic Data Processing, Inc. (""ADP"")."
