date,data,change,id,realtime_start,realtime_end,title,observation_start,observation_end,frequency,frequency_short,units,units_short,seasonal_adjustment,seasonal_adjustment_short,last_updated,popularity
1990-01-01,16.308,0.0,TOTALSA,2020-03-09,2020-03-09,Total Vehicle Sales,1976-01-01,2020-02-01,Monthly,M,Millions of Units,Mil. of Units,Seasonally Adjusted Annual Rate,SAAR,2020-03-06 10:31:01-06,75
1990-02-01,14.363,-1.945,TOTALSA,2020-03-09,2020-03-09,Total Vehicle Sales,1976-01-01,2020-02-01,Monthly,M,Millions of Units,Mil. of Units,Seasonally Adjusted Annual Rate,SAAR,2020-03-06 10:31:01-06,75
1990-03-01,14.486,0.123,TOTALSA,2020-03-09,2020-03-09,Total Vehicle Sales,1976-01-01,2020-02-01,Monthly,M,Millions of Units,Mil. of Units,Seasonally Adjusted Annual Rate,SAAR,2020-03-06 10:31:01-06,75
1990-04-01,14.281,-0.205,TOTALSA,2020-03-09,2020-03-09,Total Vehicle Sales,1976-01-01,2020-02-01,Monthly,M,Millions of Units,Mil. of Units,Seasonally Adjusted Annual Rate,SAAR,2020-03-06 10:31:01-06,75
1990-05-01,14.022,-0.259,TOTALSA,2020-03-09,2020-03-09,Total Vehicle Sales,1976-01-01,2020-02-01,Monthly,M,Millions of Units,Mil. of Units,Seasonally Adjusted Annual Rate,SAAR,2020-03-06 10:31:01-06,75
1990-06-01,14.149,0.127,TOTALSA,2020-03-09,2020-03-09,Total Vehicle Sales,1976-01-01,2020-02-01,Monthly,M,Millions of Units,Mil. of Units,Seasonally Adjusted Annual Rate,SAAR,2020-03-06 10:31:01-06,75
1990-07-01,14.081,-0.068,TOTALSA,2020-03-09,2020-03-09,Total Vehicle Sales,1976-01-01,2020-02-01,Monthly,M,Millions of Units,Mil. of Units,Seasonally Adjusted Annual Rate,SAAR,2020-03-06 10:31:01-06,75
1990-08-01,13.859,-0.222,TOTALSA,2020-03-09,2020-03-09,Total Vehicle Sales,1976-01-01,2020-02-01,Monthly,M,Millions of Units,Mil. of Units,Seasonally Adjusted Annual Rate,SAAR,2020-03-06 10:31:01-06,75
1990-09-01,14.298,0.439,TOTALSA,2020-03-09,2020-03-09,Total Vehicle Sales,1976-01-01,2020-02-01,Monthly,M,Millions of Units,Mil. of Units,Seasonally Adjusted Annual Rate,SAAR,2020-03-06 10:31:01-06,75
1990-10-01,13.749,-0.549,TOTALSA,2020-03-09,2020-03-09,Total Vehicle Sales,1976-01-01,2020-02-01,Monthly,M,Millions of Units,Mil. of Units,Seasonally Adjusted Annual Rate,SAAR,2020-03-06 10:31:01-06,75
1990-11-01,13.134,-0.615,TOTALSA,2020-03-09,2020-03-09,Total Vehicle Sales,1976-01-01,2020-02-01,Monthly,M,Millions of Units,Mil. of Units,Seasonally Adjusted Annual Rate,SAAR,2020-03-06 10:31:01-06,75
1990-12-01,12.958,-0.176,TOTALSA,2020-03-09,2020-03-09,Total Vehicle Sales,1976-01-01,2020-02-01,Monthly,M,Millions of Units,Mil. of Units,Seasonally Adjusted Annual Rate,SAAR,2020-03-06 10:31:01-06,75
1991-01-01,11.829,-1.129,TOTALSA,2020-03-09,2020-03-09,Total Vehicle Sales,1976-01-01,2020-02-01,Monthly,M,Millions of Units,Mil. of Units,Seasonally Adjusted Annual Rate,SAAR,2020-03-06 10:31:01-06,75
1991-02-01,12.409,0.58,TOTALSA,2020-03-09,2020-03-09,Total Vehicle Sales,1976-01-01,2020-02-01,Monthly,M,Millions of Units,Mil. of Units,Seasonally Adjusted Annual Rate,SAAR,2020-03-06 10:31:01-06,75
1991-03-01,12.848,0.439,TOTALSA,2020-03-09,2020-03-09,Total Vehicle Sales,1976-01-01,2020-02-01,Monthly,M,Millions of Units,Mil. of Units,Seasonally Adjusted Annual Rate,SAAR,2020-03-06 10:31:01-06,75
1991-04-01,12.038,-0.81,TOTALSA,2020-03-09,2020-03-09,Total Vehicle Sales,1976-01-01,2020-02-01,Monthly,M,Millions of Units,Mil. of Units,Seasonally Adjusted Annual Rate,SAAR,2020-03-06 10:31:01-06,75
1991-05-01,12.487,0.449,TOTALSA,2020-03-09,2020-03-09,Total Vehicle Sales,1976-01-01,2020-02-01,Monthly,M,Millions of Units,Mil. of Units,Seasonally Adjusted Annual Rate,SAAR,2020-03-06 10:31:01-06,75
1991-06-01,12.719,0.232,TOTALSA,2020-03-09,2020-03-09,Total Vehicle Sales,1976-01-01,2020-02-01,Monthly,M,Millions of Units,Mil. of Units,Seasonally Adjusted Annual Rate,SAAR,2020-03-06 10:31:01-06,75
1991-07-01,12.972,0.253,TOTALSA,2020-03-09,2020-03-09,Total Vehicle Sales,1976-01-01,2020-02-01,Monthly,M,Millions of Units,Mil. of Units,Seasonally Adjusted Annual Rate,SAAR,2020-03-06 10:31:01-06,75
1991-08-01,12.565,-0.407,TOTALSA,2020-03-09,2020-03-09,Total Vehicle Sales,1976-01-01,2020-02-01,Monthly,M,Millions of Units,Mil. of Units,Seasonally Adjusted Annual Rate,SAAR,2020-03-06 10:31:01-06,75
1991-09-01,13.107,0.542,TOTALSA,2020-03-09,2020-03-09,Total Vehicle Sales,1976-01-01,2020-02-01,Monthly,M,Millions of Units,Mil. of Units,Seasonally Adjusted Annual Rate,SAAR,2020-03-06 10:31:01-06,75
1991-10-01,12.217,-0.89,TOTALSA,2020-03-09,2020-03-09,Total Vehicle Sales,1976-01-01,2020-02-01,Monthly,M,Millions of Units,Mil. of Units,Seasonally Adjusted Annual Rate,SAAR,2020-03-06 10:31:01-06,75
1991-11-01,12.576,0.359,TOTALSA,2020-03-09,2020-03-09,Total Vehicle Sales,1976-01-01,2020-02-01,Monthly,M,Millions of Units,Mil. of Units,Seasonally Adjusted Annual Rate,SAAR,2020-03-06 10:31:01-06,75
1991-12-01,12.658,0.082,TOTALSA,2020-03-09,2020-03-09,Total Vehicle Sales,1976-01-01,2020-02-01,Monthly,M,Millions of Units,Mil. of Units,Seasonally Adjusted Annual Rate,SAAR,2020-03-06 10:31:01-06,75
1992-01-01,12.591,-0.067,TOTALSA,2020-03-09,2020-03-09,Total Vehicle Sales,1976-01-01,2020-02-01,Monthly,M,Millions of Units,Mil. of Units,Seasonally Adjusted Annual Rate,SAAR,2020-03-06 10:31:01-06,75
1992-02-01,12.927,0.336,TOTALSA,2020-03-09,2020-03-09,Total Vehicle Sales,1976-01-01,2020-02-01,Monthly,M,Millions of Units,Mil. of Units,Seasonally Adjusted Annual Rate,SAAR,2020-03-06 10:31:01-06,75
1992-03-01,12.824,-0.103,TOTALSA,2020-03-09,2020-03-09,Total Vehicle Sales,1976-01-01,2020-02-01,Monthly,M,Millions of Units,Mil. of Units,Seasonally Adjusted Annual Rate,SAAR,2020-03-06 10:31:01-06,75
1992-04-01,12.55,-0.274,TOTALSA,2020-03-09,2020-03-09,Total Vehicle Sales,1976-01-01,2020-02-01,Monthly,M,Millions of Units,Mil. of Units,Seasonally Adjusted Annual Rate,SAAR,2020-03-06 10:31:01-06,75
1992-05-01,13.098,0.548,TOTALSA,2020-03-09,2020-03-09,Total Vehicle Sales,1976-01-01,2020-02-01,Monthly,M,Millions of Units,Mil. of Units,Seasonally Adjusted Annual Rate,SAAR,2020-03-06 10:31:01-06,75
1992-06-01,13.543,0.445,TOTALSA,2020-03-09,2020-03-09,Total Vehicle Sales,1976-01-01,2020-02-01,Monthly,M,Millions of Units,Mil. of Units,Seasonally Adjusted Annual Rate,SAAR,2020-03-06 10:31:01-06,75
1992-07-01,12.853,-0.69,TOTALSA,2020-03-09,2020-03-09,Total Vehicle Sales,1976-01-01,2020-02-01,Monthly,M,Millions of Units,Mil. of Units,Seasonally Adjusted Annual Rate,SAAR,2020-03-06 10:31:01-06,75
1992-08-01,12.873,0.02,TOTALSA,2020-03-09,2020-03-09,Total Vehicle Sales,1976-01-01,2020-02-01,Monthly,M,Millions of Units,Mil. of Units,Seasonally Adjusted Annual Rate,SAAR,2020-03-06 10:31:01-06,75
1992-09-01,13.378,0.505,TOTALSA,2020-03-09,2020-03-09,Total Vehicle Sales,1976-01-01,2020-02-01,Monthly,M,Millions of Units,Mil. of Units,Seasonally Adjusted Annual Rate,SAAR,2020-03-06 10:31:01-06,75
1992-10-01,13.655,0.277,TOTALSA,2020-03-09,2020-03-09,Total Vehicle Sales,1976-01-01,2020-02-01,Monthly,M,Millions of Units,Mil. of Units,Seasonally Adjusted Annual Rate,SAAR,2020-03-06 10:31:01-06,75
1992-11-01,13.218,-0.437,TOTALSA,2020-03-09,2020-03-09,Total Vehicle Sales,1976-01-01,2020-02-01,Monthly,M,Millions of Units,Mil. of Units,Seasonally Adjusted Annual Rate,SAAR,2020-03-06 10:31:01-06,75
1992-12-01,13.784,0.566,TOTALSA,2020-03-09,2020-03-09,Total Vehicle Sales,1976-01-01,2020-02-01,Monthly,M,Millions of Units,Mil. of Units,Seasonally Adjusted Annual Rate,SAAR,2020-03-06 10:31:01-06,75
1993-01-01,13.457,-0.327,TOTALSA,2020-03-09,2020-03-09,Total Vehicle Sales,1976-01-01,2020-02-01,Monthly,M,Millions of Units,Mil. of Units,Seasonally Adjusted Annual Rate,SAAR,2020-03-06 10:31:01-06,75
1993-02-01,12.969,-0.488,TOTALSA,2020-03-09,2020-03-09,Total Vehicle Sales,1976-01-01,2020-02-01,Monthly,M,Millions of Units,Mil. of Units,Seasonally Adjusted Annual Rate,SAAR,2020-03-06 10:31:01-06,75
1993-03-01,13.326,0.357,TOTALSA,2020-03-09,2020-03-09,Total Vehicle Sales,1976-01-01,2020-02-01,Monthly,M,Millions of Units,Mil. of Units,Seasonally Adjusted Annual Rate,SAAR,2020-03-06 10:31:01-06,75
1993-04-01,14.527,1.201,TOTALSA,2020-03-09,2020-03-09,Total Vehicle Sales,1976-01-01,2020-02-01,Monthly,M,Millions of Units,Mil. of Units,Seasonally Adjusted Annual Rate,SAAR,2020-03-06 10:31:01-06,75
1993-05-01,14.519,-0.008,TOTALSA,2020-03-09,2020-03-09,Total Vehicle Sales,1976-01-01,2020-02-01,Monthly,M,Millions of Units,Mil. of Units,Seasonally Adjusted Annual Rate,SAAR,2020-03-06 10:31:01-06,75
1993-06-01,14.49,-0.029,TOTALSA,2020-03-09,2020-03-09,Total Vehicle Sales,1976-01-01,2020-02-01,Monthly,M,Millions of Units,Mil. of Units,Seasonally Adjusted Annual Rate,SAAR,2020-03-06 10:31:01-06,75
1993-07-01,14.451,-0.039,TOTALSA,2020-03-09,2020-03-09,Total Vehicle Sales,1976-01-01,2020-02-01,Monthly,M,Millions of Units,Mil. of Units,Seasonally Adjusted Annual Rate,SAAR,2020-03-06 10:31:01-06,75
1993-08-01,13.584,-0.867,TOTALSA,2020-03-09,2020-03-09,Total Vehicle Sales,1976-01-01,2020-02-01,Monthly,M,Millions of Units,Mil. of Units,Seasonally Adjusted Annual Rate,SAAR,2020-03-06 10:31:01-06,75
1993-09-01,13.99,0.406,TOTALSA,2020-03-09,2020-03-09,Total Vehicle Sales,1976-01-01,2020-02-01,Monthly,M,Millions of Units,Mil. of Units,Seasonally Adjusted Annual Rate,SAAR,2020-03-06 10:31:01-06,75
1993-10-01,14.911,0.921,TOTALSA,2020-03-09,2020-03-09,Total Vehicle Sales,1976-01-01,2020-02-01,Monthly,M,Millions of Units,Mil. of Units,Seasonally Adjusted Annual Rate,SAAR,2020-03-06 10:31:01-06,75
1993-11-01,14.882,-0.029,TOTALSA,2020-03-09,2020-03-09,Total Vehicle Sales,1976-01-01,2020-02-01,Monthly,M,Millions of Units,Mil. of Units,Seasonally Adjusted Annual Rate,SAAR,2020-03-06 10:31:01-06,75
1993-12-01,15.004,0.122,TOTALSA,2020-03-09,2020-03-09,Total Vehicle Sales,1976-01-01,2020-02-01,Monthly,M,Millions of Units,Mil. of Units,Seasonally Adjusted Annual Rate,SAAR,2020-03-06 10:31:01-06,75
1994-01-01,15.379,0.375,TOTALSA,2020-03-09,2020-03-09,Total Vehicle Sales,1976-01-01,2020-02-01,Monthly,M,Millions of Units,Mil. of Units,Seasonally Adjusted Annual Rate,SAAR,2020-03-06 10:31:01-06,75
1994-02-01,15.52,0.141,TOTALSA,2020-03-09,2020-03-09,Total Vehicle Sales,1976-01-01,2020-02-01,Monthly,M,Millions of Units,Mil. of Units,Seasonally Adjusted Annual Rate,SAAR,2020-03-06 10:31:01-06,75
1994-03-01,15.301,-0.219,TOTALSA,2020-03-09,2020-03-09,Total Vehicle Sales,1976-01-01,2020-02-01,Monthly,M,Millions of Units,Mil. of Units,Seasonally Adjusted Annual Rate,SAAR,2020-03-06 10:31:01-06,75
1994-04-01,16.013,0.712,TOTALSA,2020-03-09,2020-03-09,Total Vehicle Sales,1976-01-01,2020-02-01,Monthly,M,Millions of Units,Mil. of Units,Seasonally Adjusted Annual Rate,SAAR,2020-03-06 10:31:01-06,75
1994-05-01,14.577,-1.436,TOTALSA,2020-03-09,2020-03-09,Total Vehicle Sales,1976-01-01,2020-02-01,Monthly,M,Millions of Units,Mil. of Units,Seasonally Adjusted Annual Rate,SAAR,2020-03-06 10:31:01-06,75
1994-06-01,15.109,0.532,TOTALSA,2020-03-09,2020-03-09,Total Vehicle Sales,1976-01-01,2020-02-01,Monthly,M,Millions of Units,Mil. of Units,Seasonally Adjusted Annual Rate,SAAR,2020-03-06 10:31:01-06,75
1994-07-01,14.875,-0.234,TOTALSA,2020-03-09,2020-03-09,Total Vehicle Sales,1976-01-01,2020-02-01,Monthly,M,Millions of Units,Mil. of Units,Seasonally Adjusted Annual Rate,SAAR,2020-03-06 10:31:01-06,75
1994-08-01,15.359,0.484,TOTALSA,2020-03-09,2020-03-09,Total Vehicle Sales,1976-01-01,2020-02-01,Monthly,M,Millions of Units,Mil. of Units,Seasonally Adjusted Annual Rate,SAAR,2020-03-06 10:31:01-06,75
1994-09-01,15.274,-0.085,TOTALSA,2020-03-09,2020-03-09,Total Vehicle Sales,1976-01-01,2020-02-01,Monthly,M,Millions of Units,Mil. of Units,Seasonally Adjusted Annual Rate,SAAR,2020-03-06 10:31:01-06,75
1994-10-01,15.894,0.62,TOTALSA,2020-03-09,2020-03-09,Total Vehicle Sales,1976-01-01,2020-02-01,Monthly,M,Millions of Units,Mil. of Units,Seasonally Adjusted Annual Rate,SAAR,2020-03-06 10:31:01-06,75
1994-11-01,15.89,-0.004,TOTALSA,2020-03-09,2020-03-09,Total Vehicle Sales,1976-01-01,2020-02-01,Monthly,M,Millions of Units,Mil. of Units,Seasonally Adjusted Annual Rate,SAAR,2020-03-06 10:31:01-06,75
1994-12-01,15.584,-0.306,TOTALSA,2020-03-09,2020-03-09,Total Vehicle Sales,1976-01-01,2020-02-01,Monthly,M,Millions of Units,Mil. of Units,Seasonally Adjusted Annual Rate,SAAR,2020-03-06 10:31:01-06,75
1995-01-01,14.801,-0.783,TOTALSA,2020-03-09,2020-03-09,Total Vehicle Sales,1976-01-01,2020-02-01,Monthly,M,Millions of Units,Mil. of Units,Seasonally Adjusted Annual Rate,SAAR,2020-03-06 10:31:01-06,75
1995-02-01,14.861,0.06,TOTALSA,2020-03-09,2020-03-09,Total Vehicle Sales,1976-01-01,2020-02-01,Monthly,M,Millions of Units,Mil. of Units,Seasonally Adjusted Annual Rate,SAAR,2020-03-06 10:31:01-06,75
1995-03-01,15.256,0.395,TOTALSA,2020-03-09,2020-03-09,Total Vehicle Sales,1976-01-01,2020-02-01,Monthly,M,Millions of Units,Mil. of Units,Seasonally Adjusted Annual Rate,SAAR,2020-03-06 10:31:01-06,75
1995-04-01,14.378,-0.878,TOTALSA,2020-03-09,2020-03-09,Total Vehicle Sales,1976-01-01,2020-02-01,Monthly,M,Millions of Units,Mil. of Units,Seasonally Adjusted Annual Rate,SAAR,2020-03-06 10:31:01-06,75
1995-05-01,14.806,0.428,TOTALSA,2020-03-09,2020-03-09,Total Vehicle Sales,1976-01-01,2020-02-01,Monthly,M,Millions of Units,Mil. of Units,Seasonally Adjusted Annual Rate,SAAR,2020-03-06 10:31:01-06,75
1995-06-01,15.407,0.601,TOTALSA,2020-03-09,2020-03-09,Total Vehicle Sales,1976-01-01,2020-02-01,Monthly,M,Millions of Units,Mil. of Units,Seasonally Adjusted Annual Rate,SAAR,2020-03-06 10:31:01-06,75
1995-07-01,14.7,-0.707,TOTALSA,2020-03-09,2020-03-09,Total Vehicle Sales,1976-01-01,2020-02-01,Monthly,M,Millions of Units,Mil. of Units,Seasonally Adjusted Annual Rate,SAAR,2020-03-06 10:31:01-06,75
1995-08-01,15.368,0.668,TOTALSA,2020-03-09,2020-03-09,Total Vehicle Sales,1976-01-01,2020-02-01,Monthly,M,Millions of Units,Mil. of Units,Seasonally Adjusted Annual Rate,SAAR,2020-03-06 10:31:01-06,75
1995-09-01,15.338,-0.03,TOTALSA,2020-03-09,2020-03-09,Total Vehicle Sales,1976-01-01,2020-02-01,Monthly,M,Millions of Units,Mil. of Units,Seasonally Adjusted Annual Rate,SAAR,2020-03-06 10:31:01-06,75
1995-10-01,14.861,-0.477,TOTALSA,2020-03-09,2020-03-09,Total Vehicle Sales,1976-01-01,2020-02-01,Monthly,M,Millions of Units,Mil. of Units,Seasonally Adjusted Annual Rate,SAAR,2020-03-06 10:31:01-06,75
1995-11-01,15.38,0.519,TOTALSA,2020-03-09,2020-03-09,Total Vehicle Sales,1976-01-01,2020-02-01,Monthly,M,Millions of Units,Mil. of Units,Seasonally Adjusted Annual Rate,SAAR,2020-03-06 10:31:01-06,75
1995-12-01,16.262,0.882,TOTALSA,2020-03-09,2020-03-09,Total Vehicle Sales,1976-01-01,2020-02-01,Monthly,M,Millions of Units,Mil. of Units,Seasonally Adjusted Annual Rate,SAAR,2020-03-06 10:31:01-06,75
1996-01-01,14.812,-1.45,TOTALSA,2020-03-09,2020-03-09,Total Vehicle Sales,1976-01-01,2020-02-01,Monthly,M,Millions of Units,Mil. of Units,Seasonally Adjusted Annual Rate,SAAR,2020-03-06 10:31:01-06,75
1996-02-01,15.587,0.775,TOTALSA,2020-03-09,2020-03-09,Total Vehicle Sales,1976-01-01,2020-02-01,Monthly,M,Millions of Units,Mil. of Units,Seasonally Adjusted Annual Rate,SAAR,2020-03-06 10:31:01-06,75
1996-03-01,16.044,0.457,TOTALSA,2020-03-09,2020-03-09,Total Vehicle Sales,1976-01-01,2020-02-01,Monthly,M,Millions of Units,Mil. of Units,Seasonally Adjusted Annual Rate,SAAR,2020-03-06 10:31:01-06,75
1996-04-01,15.466,-0.578,TOTALSA,2020-03-09,2020-03-09,Total Vehicle Sales,1976-01-01,2020-02-01,Monthly,M,Millions of Units,Mil. of Units,Seasonally Adjusted Annual Rate,SAAR,2020-03-06 10:31:01-06,75
1996-05-01,15.993,0.527,TOTALSA,2020-03-09,2020-03-09,Total Vehicle Sales,1976-01-01,2020-02-01,Monthly,M,Millions of Units,Mil. of Units,Seasonally Adjusted Annual Rate,SAAR,2020-03-06 10:31:01-06,75
1996-06-01,15.256,-0.737,TOTALSA,2020-03-09,2020-03-09,Total Vehicle Sales,1976-01-01,2020-02-01,Monthly,M,Millions of Units,Mil. of Units,Seasonally Adjusted Annual Rate,SAAR,2020-03-06 10:31:01-06,75
1996-07-01,15.074,-0.182,TOTALSA,2020-03-09,2020-03-09,Total Vehicle Sales,1976-01-01,2020-02-01,Monthly,M,Millions of Units,Mil. of Units,Seasonally Adjusted Annual Rate,SAAR,2020-03-06 10:31:01-06,75
1996-08-01,15.486,0.412,TOTALSA,2020-03-09,2020-03-09,Total Vehicle Sales,1976-01-01,2020-02-01,Monthly,M,Millions of Units,Mil. of Units,Seasonally Adjusted Annual Rate,SAAR,2020-03-06 10:31:01-06,75
1996-09-01,15.534,0.048,TOTALSA,2020-03-09,2020-03-09,Total Vehicle Sales,1976-01-01,2020-02-01,Monthly,M,Millions of Units,Mil. of Units,Seasonally Adjusted Annual Rate,SAAR,2020-03-06 10:31:01-06,75
1996-10-01,15.308,-0.226,TOTALSA,2020-03-09,2020-03-09,Total Vehicle Sales,1976-01-01,2020-02-01,Monthly,M,Millions of Units,Mil. of Units,Seasonally Adjusted Annual Rate,SAAR,2020-03-06 10:31:01-06,75
1996-11-01,15.712,0.404,TOTALSA,2020-03-09,2020-03-09,Total Vehicle Sales,1976-01-01,2020-02-01,Monthly,M,Millions of Units,Mil. of Units,Seasonally Adjusted Annual Rate,SAAR,2020-03-06 10:31:01-06,75
1996-12-01,15.183,-0.529,TOTALSA,2020-03-09,2020-03-09,Total Vehicle Sales,1976-01-01,2020-02-01,Monthly,M,Millions of Units,Mil. of Units,Seasonally Adjusted Annual Rate,SAAR,2020-03-06 10:31:01-06,75
1997-01-01,15.682,0.499,TOTALSA,2020-03-09,2020-03-09,Total Vehicle Sales,1976-01-01,2020-02-01,Monthly,M,Millions of Units,Mil. of Units,Seasonally Adjusted Annual Rate,SAAR,2020-03-06 10:31:01-06,75
1997-02-01,15.271,-0.411,TOTALSA,2020-03-09,2020-03-09,Total Vehicle Sales,1976-01-01,2020-02-01,Monthly,M,Millions of Units,Mil. of Units,Seasonally Adjusted Annual Rate,SAAR,2020-03-06 10:31:01-06,75
1997-03-01,15.816,0.545,TOTALSA,2020-03-09,2020-03-09,Total Vehicle Sales,1976-01-01,2020-02-01,Monthly,M,Millions of Units,Mil. of Units,Seasonally Adjusted Annual Rate,SAAR,2020-03-06 10:31:01-06,75
1997-04-01,15.058,-0.758,TOTALSA,2020-03-09,2020-03-09,Total Vehicle Sales,1976-01-01,2020-02-01,Monthly,M,Millions of Units,Mil. of Units,Seasonally Adjusted Annual Rate,SAAR,2020-03-06 10:31:01-06,75
1997-05-01,15.088,0.03,TOTALSA,2020-03-09,2020-03-09,Total Vehicle Sales,1976-01-01,2020-02-01,Monthly,M,Millions of Units,Mil. of Units,Seasonally Adjusted Annual Rate,SAAR,2020-03-06 10:31:01-06,75
1997-06-01,14.524,-0.564,TOTALSA,2020-03-09,2020-03-09,Total Vehicle Sales,1976-01-01,2020-02-01,Monthly,M,Millions of Units,Mil. of Units,Seasonally Adjusted Annual Rate,SAAR,2020-03-06 10:31:01-06,75
1997-07-01,15.568,1.044,TOTALSA,2020-03-09,2020-03-09,Total Vehicle Sales,1976-01-01,2020-02-01,Monthly,M,Millions of Units,Mil. of Units,Seasonally Adjusted Annual Rate,SAAR,2020-03-06 10:31:01-06,75
1997-08-01,16.148,0.58,TOTALSA,2020-03-09,2020-03-09,Total Vehicle Sales,1976-01-01,2020-02-01,Monthly,M,Millions of Units,Mil. of Units,Seasonally Adjusted Annual Rate,SAAR,2020-03-06 10:31:01-06,75
1997-09-01,15.096,-1.052,TOTALSA,2020-03-09,2020-03-09,Total Vehicle Sales,1976-01-01,2020-02-01,Monthly,M,Millions of Units,Mil. of Units,Seasonally Adjusted Annual Rate,SAAR,2020-03-06 10:31:01-06,75
1997-10-01,15.431,0.335,TOTALSA,2020-03-09,2020-03-09,Total Vehicle Sales,1976-01-01,2020-02-01,Monthly,M,Millions of Units,Mil. of Units,Seasonally Adjusted Annual Rate,SAAR,2020-03-06 10:31:01-06,75
1997-11-01,15.825,0.394,TOTALSA,2020-03-09,2020-03-09,Total Vehicle Sales,1976-01-01,2020-02-01,Monthly,M,Millions of Units,Mil. of Units,Seasonally Adjusted Annual Rate,SAAR,2020-03-06 10:31:01-06,75
1997-12-01,16.474,0.649,TOTALSA,2020-03-09,2020-03-09,Total Vehicle Sales,1976-01-01,2020-02-01,Monthly,M,Millions of Units,Mil. of Units,Seasonally Adjusted Annual Rate,SAAR,2020-03-06 10:31:01-06,75
1998-01-01,14.789,-1.685,TOTALSA,2020-03-09,2020-03-09,Total Vehicle Sales,1976-01-01,2020-02-01,Monthly,M,Millions of Units,Mil. of Units,Seasonally Adjusted Annual Rate,SAAR,2020-03-06 10:31:01-06,75
1998-02-01,15.232,0.443,TOTALSA,2020-03-09,2020-03-09,Total Vehicle Sales,1976-01-01,2020-02-01,Monthly,M,Millions of Units,Mil. of Units,Seasonally Adjusted Annual Rate,SAAR,2020-03-06 10:31:01-06,75
1998-03-01,15.405,0.173,TOTALSA,2020-03-09,2020-03-09,Total Vehicle Sales,1976-01-01,2020-02-01,Monthly,M,Millions of Units,Mil. of Units,Seasonally Adjusted Annual Rate,SAAR,2020-03-06 10:31:01-06,75
1998-04-01,15.923,0.518,TOTALSA,2020-03-09,2020-03-09,Total Vehicle Sales,1976-01-01,2020-02-01,Monthly,M,Millions of Units,Mil. of Units,Seasonally Adjusted Annual Rate,SAAR,2020-03-06 10:31:01-06,75
1998-05-01,17.057,1.134,TOTALSA,2020-03-09,2020-03-09,Total Vehicle Sales,1976-01-01,2020-02-01,Monthly,M,Millions of Units,Mil. of Units,Seasonally Adjusted Annual Rate,SAAR,2020-03-06 10:31:01-06,75
1998-06-01,16.771,-0.286,TOTALSA,2020-03-09,2020-03-09,Total Vehicle Sales,1976-01-01,2020-02-01,Monthly,M,Millions of Units,Mil. of Units,Seasonally Adjusted Annual Rate,SAAR,2020-03-06 10:31:01-06,75
1998-07-01,14.668,-2.103,TOTALSA,2020-03-09,2020-03-09,Total Vehicle Sales,1976-01-01,2020-02-01,Monthly,M,Millions of Units,Mil. of Units,Seasonally Adjusted Annual Rate,SAAR,2020-03-06 10:31:01-06,75
1998-08-01,14.796,0.128,TOTALSA,2020-03-09,2020-03-09,Total Vehicle Sales,1976-01-01,2020-02-01,Monthly,M,Millions of Units,Mil. of Units,Seasonally Adjusted Annual Rate,SAAR,2020-03-06 10:31:01-06,75
1998-09-01,16.313,1.517,TOTALSA,2020-03-09,2020-03-09,Total Vehicle Sales,1976-01-01,2020-02-01,Monthly,M,Millions of Units,Mil. of Units,Seasonally Adjusted Annual Rate,SAAR,2020-03-06 10:31:01-06,75
1998-10-01,17.131,0.818,TOTALSA,2020-03-09,2020-03-09,Total Vehicle Sales,1976-01-01,2020-02-01,Monthly,M,Millions of Units,Mil. of Units,Seasonally Adjusted Annual Rate,SAAR,2020-03-06 10:31:01-06,75
1998-11-01,16.118,-1.013,TOTALSA,2020-03-09,2020-03-09,Total Vehicle Sales,1976-01-01,2020-02-01,Monthly,M,Millions of Units,Mil. of Units,Seasonally Adjusted Annual Rate,SAAR,2020-03-06 10:31:01-06,75
1998-12-01,17.409,1.291,TOTALSA,2020-03-09,2020-03-09,Total Vehicle Sales,1976-01-01,2020-02-01,Monthly,M,Millions of Units,Mil. of Units,Seasonally Adjusted Annual Rate,SAAR,2020-03-06 10:31:01-06,75
1999-01-01,16.593,-0.816,TOTALSA,2020-03-09,2020-03-09,Total Vehicle Sales,1976-01-01,2020-02-01,Monthly,M,Millions of Units,Mil. of Units,Seasonally Adjusted Annual Rate,SAAR,2020-03-06 10:31:01-06,75
1999-02-01,17.097,0.504,TOTALSA,2020-03-09,2020-03-09,Total Vehicle Sales,1976-01-01,2020-02-01,Monthly,M,Millions of Units,Mil. of Units,Seasonally Adjusted Annual Rate,SAAR,2020-03-06 10:31:01-06,75
1999-03-01,16.832,-0.265,TOTALSA,2020-03-09,2020-03-09,Total Vehicle Sales,1976-01-01,2020-02-01,Monthly,M,Millions of Units,Mil. of Units,Seasonally Adjusted Annual Rate,SAAR,2020-03-06 10:31:01-06,75
1999-04-01,16.929,0.097,TOTALSA,2020-03-09,2020-03-09,Total Vehicle Sales,1976-01-01,2020-02-01,Monthly,M,Millions of Units,Mil. of Units,Seasonally Adjusted Annual Rate,SAAR,2020-03-06 10:31:01-06,75
1999-05-01,17.564,0.635,TOTALSA,2020-03-09,2020-03-09,Total Vehicle Sales,1976-01-01,2020-02-01,Monthly,M,Millions of Units,Mil. of Units,Seasonally Adjusted Annual Rate,SAAR,2020-03-06 10:31:01-06,75
1999-06-01,17.346,-0.218,TOTALSA,2020-03-09,2020-03-09,Total Vehicle Sales,1976-01-01,2020-02-01,Monthly,M,Millions of Units,Mil. of Units,Seasonally Adjusted Annual Rate,SAAR,2020-03-06 10:31:01-06,75
1999-07-01,17.688,0.342,TOTALSA,2020-03-09,2020-03-09,Total Vehicle Sales,1976-01-01,2020-02-01,Monthly,M,Millions of Units,Mil. of Units,Seasonally Adjusted Annual Rate,SAAR,2020-03-06 10:31:01-06,75
1999-08-01,17.641,-0.047,TOTALSA,2020-03-09,2020-03-09,Total Vehicle Sales,1976-01-01,2020-02-01,Monthly,M,Millions of Units,Mil. of Units,Seasonally Adjusted Annual Rate,SAAR,2020-03-06 10:31:01-06,75
1999-09-01,17.662,0.021,TOTALSA,2020-03-09,2020-03-09,Total Vehicle Sales,1976-01-01,2020-02-01,Monthly,M,Millions of Units,Mil. of Units,Seasonally Adjusted Annual Rate,SAAR,2020-03-06 10:31:01-06,75
1999-10-01,17.684,0.022,TOTALSA,2020-03-09,2020-03-09,Total Vehicle Sales,1976-01-01,2020-02-01,Monthly,M,Millions of Units,Mil. of Units,Seasonally Adjusted Annual Rate,SAAR,2020-03-06 10:31:01-06,75
1999-11-01,17.62,-0.064,TOTALSA,2020-03-09,2020-03-09,Total Vehicle Sales,1976-01-01,2020-02-01,Monthly,M,Millions of Units,Mil. of Units,Seasonally Adjusted Annual Rate,SAAR,2020-03-06 10:31:01-06,75
1999-12-01,18.322,0.702,TOTALSA,2020-03-09,2020-03-09,Total Vehicle Sales,1976-01-01,2020-02-01,Monthly,M,Millions of Units,Mil. of Units,Seasonally Adjusted Annual Rate,SAAR,2020-03-06 10:31:01-06,75
2000-01-01,18.635,0.313,TOTALSA,2020-03-09,2020-03-09,Total Vehicle Sales,1976-01-01,2020-02-01,Monthly,M,Millions of Units,Mil. of Units,Seasonally Adjusted Annual Rate,SAAR,2020-03-06 10:31:01-06,75
2000-02-01,19.401,0.766,TOTALSA,2020-03-09,2020-03-09,Total Vehicle Sales,1976-01-01,2020-02-01,Monthly,M,Millions of Units,Mil. of Units,Seasonally Adjusted Annual Rate,SAAR,2020-03-06 10:31:01-06,75
2000-03-01,18.343,-1.058,TOTALSA,2020-03-09,2020-03-09,Total Vehicle Sales,1976-01-01,2020-02-01,Monthly,M,Millions of Units,Mil. of Units,Seasonally Adjusted Annual Rate,SAAR,2020-03-06 10:31:01-06,75
2000-04-01,17.939,-0.404,TOTALSA,2020-03-09,2020-03-09,Total Vehicle Sales,1976-01-01,2020-02-01,Monthly,M,Millions of Units,Mil. of Units,Seasonally Adjusted Annual Rate,SAAR,2020-03-06 10:31:01-06,75
2000-05-01,17.943,0.004,TOTALSA,2020-03-09,2020-03-09,Total Vehicle Sales,1976-01-01,2020-02-01,Monthly,M,Millions of Units,Mil. of Units,Seasonally Adjusted Annual Rate,SAAR,2020-03-06 10:31:01-06,75
2000-06-01,17.596,-0.347,TOTALSA,2020-03-09,2020-03-09,Total Vehicle Sales,1976-01-01,2020-02-01,Monthly,M,Millions of Units,Mil. of Units,Seasonally Adjusted Annual Rate,SAAR,2020-03-06 10:31:01-06,75
2000-07-01,17.316,-0.28,TOTALSA,2020-03-09,2020-03-09,Total Vehicle Sales,1976-01-01,2020-02-01,Monthly,M,Millions of Units,Mil. of Units,Seasonally Adjusted Annual Rate,SAAR,2020-03-06 10:31:01-06,75
2000-08-01,17.531,0.215,TOTALSA,2020-03-09,2020-03-09,Total Vehicle Sales,1976-01-01,2020-02-01,Monthly,M,Millions of Units,Mil. of Units,Seasonally Adjusted Annual Rate,SAAR,2020-03-06 10:31:01-06,75
2000-09-01,18.654,1.123,TOTALSA,2020-03-09,2020-03-09,Total Vehicle Sales,1976-01-01,2020-02-01,Monthly,M,Millions of Units,Mil. of Units,Seasonally Adjusted Annual Rate,SAAR,2020-03-06 10:31:01-06,75
2000-10-01,17.514,-1.14,TOTALSA,2020-03-09,2020-03-09,Total Vehicle Sales,1976-01-01,2020-02-01,Monthly,M,Millions of Units,Mil. of Units,Seasonally Adjusted Annual Rate,SAAR,2020-03-06 10:31:01-06,75
2000-11-01,16.634,-0.88,TOTALSA,2020-03-09,2020-03-09,Total Vehicle Sales,1976-01-01,2020-02-01,Monthly,M,Millions of Units,Mil. of Units,Seasonally Adjusted Annual Rate,SAAR,2020-03-06 10:31:01-06,75
2000-12-01,16.222,-0.412,TOTALSA,2020-03-09,2020-03-09,Total Vehicle Sales,1976-01-01,2020-02-01,Monthly,M,Millions of Units,Mil. of Units,Seasonally Adjusted Annual Rate,SAAR,2020-03-06 10:31:01-06,75
2001-01-01,17.652,1.43,TOTALSA,2020-03-09,2020-03-09,Total Vehicle Sales,1976-01-01,2020-02-01,Monthly,M,Millions of Units,Mil. of Units,Seasonally Adjusted Annual Rate,SAAR,2020-03-06 10:31:01-06,75
2001-02-01,17.826,0.174,TOTALSA,2020-03-09,2020-03-09,Total Vehicle Sales,1976-01-01,2020-02-01,Monthly,M,Millions of Units,Mil. of Units,Seasonally Adjusted Annual Rate,SAAR,2020-03-06 10:31:01-06,75
2001-03-01,17.248,-0.578,TOTALSA,2020-03-09,2020-03-09,Total Vehicle Sales,1976-01-01,2020-02-01,Monthly,M,Millions of Units,Mil. of Units,Seasonally Adjusted Annual Rate,SAAR,2020-03-06 10:31:01-06,75
2001-04-01,16.872,-0.376,TOTALSA,2020-03-09,2020-03-09,Total Vehicle Sales,1976-01-01,2020-02-01,Monthly,M,Millions of Units,Mil. of Units,Seasonally Adjusted Annual Rate,SAAR,2020-03-06 10:31:01-06,75
2001-05-01,16.876,0.004,TOTALSA,2020-03-09,2020-03-09,Total Vehicle Sales,1976-01-01,2020-02-01,Monthly,M,Millions of Units,Mil. of Units,Seasonally Adjusted Annual Rate,SAAR,2020-03-06 10:31:01-06,75
2001-06-01,17.464,0.588,TOTALSA,2020-03-09,2020-03-09,Total Vehicle Sales,1976-01-01,2020-02-01,Monthly,M,Millions of Units,Mil. of Units,Seasonally Adjusted Annual Rate,SAAR,2020-03-06 10:31:01-06,75
2001-07-01,16.463,-1.001,TOTALSA,2020-03-09,2020-03-09,Total Vehicle Sales,1976-01-01,2020-02-01,Monthly,M,Millions of Units,Mil. of Units,Seasonally Adjusted Annual Rate,SAAR,2020-03-06 10:31:01-06,75
2001-08-01,16.348,-0.115,TOTALSA,2020-03-09,2020-03-09,Total Vehicle Sales,1976-01-01,2020-02-01,Monthly,M,Millions of Units,Mil. of Units,Seasonally Adjusted Annual Rate,SAAR,2020-03-06 10:31:01-06,75
2001-09-01,16.365,0.017,TOTALSA,2020-03-09,2020-03-09,Total Vehicle Sales,1976-01-01,2020-02-01,Monthly,M,Millions of Units,Mil. of Units,Seasonally Adjusted Annual Rate,SAAR,2020-03-06 10:31:01-06,75
2001-10-01,22.055,5.69,TOTALSA,2020-03-09,2020-03-09,Total Vehicle Sales,1976-01-01,2020-02-01,Monthly,M,Millions of Units,Mil. of Units,Seasonally Adjusted Annual Rate,SAAR,2020-03-06 10:31:01-06,75
2001-11-01,18.031,-4.024,TOTALSA,2020-03-09,2020-03-09,Total Vehicle Sales,1976-01-01,2020-02-01,Monthly,M,Millions of Units,Mil. of Units,Seasonally Adjusted Annual Rate,SAAR,2020-03-06 10:31:01-06,75
2001-12-01,16.465,-1.566,TOTALSA,2020-03-09,2020-03-09,Total Vehicle Sales,1976-01-01,2020-02-01,Monthly,M,Millions of Units,Mil. of Units,Seasonally Adjusted Annual Rate,SAAR,2020-03-06 10:31:01-06,75
2002-01-01,16.523,0.058,TOTALSA,2020-03-09,2020-03-09,Total Vehicle Sales,1976-01-01,2020-02-01,Monthly,M,Millions of Units,Mil. of Units,Seasonally Adjusted Annual Rate,SAAR,2020-03-06 10:31:01-06,75
2002-02-01,17.304,0.781,TOTALSA,2020-03-09,2020-03-09,Total Vehicle Sales,1976-01-01,2020-02-01,Monthly,M,Millions of Units,Mil. of Units,Seasonally Adjusted Annual Rate,SAAR,2020-03-06 10:31:01-06,75
2002-03-01,17.109,-0.195,TOTALSA,2020-03-09,2020-03-09,Total Vehicle Sales,1976-01-01,2020-02-01,Monthly,M,Millions of Units,Mil. of Units,Seasonally Adjusted Annual Rate,SAAR,2020-03-06 10:31:01-06,75
2002-04-01,17.667,0.558,TOTALSA,2020-03-09,2020-03-09,Total Vehicle Sales,1976-01-01,2020-02-01,Monthly,M,Millions of Units,Mil. of Units,Seasonally Adjusted Annual Rate,SAAR,2020-03-06 10:31:01-06,75
2002-05-01,16.198,-1.469,TOTALSA,2020-03-09,2020-03-09,Total Vehicle Sales,1976-01-01,2020-02-01,Monthly,M,Millions of Units,Mil. of Units,Seasonally Adjusted Annual Rate,SAAR,2020-03-06 10:31:01-06,75
2002-06-01,16.953,0.755,TOTALSA,2020-03-09,2020-03-09,Total Vehicle Sales,1976-01-01,2020-02-01,Monthly,M,Millions of Units,Mil. of Units,Seasonally Adjusted Annual Rate,SAAR,2020-03-06 10:31:01-06,75
2002-07-01,18.144,1.191,TOTALSA,2020-03-09,2020-03-09,Total Vehicle Sales,1976-01-01,2020-02-01,Monthly,M,Millions of Units,Mil. of Units,Seasonally Adjusted Annual Rate,SAAR,2020-03-06 10:31:01-06,75
2002-08-01,18.449,0.305,TOTALSA,2020-03-09,2020-03-09,Total Vehicle Sales,1976-01-01,2020-02-01,Monthly,M,Millions of Units,Mil. of Units,Seasonally Adjusted Annual Rate,SAAR,2020-03-06 10:31:01-06,75
2002-09-01,16.665,-1.784,TOTALSA,2020-03-09,2020-03-09,Total Vehicle Sales,1976-01-01,2020-02-01,Monthly,M,Millions of Units,Mil. of Units,Seasonally Adjusted Annual Rate,SAAR,2020-03-06 10:31:01-06,75
2002-10-01,16.26,-0.405,TOTALSA,2020-03-09,2020-03-09,Total Vehicle Sales,1976-01-01,2020-02-01,Monthly,M,Millions of Units,Mil. of Units,Seasonally Adjusted Annual Rate,SAAR,2020-03-06 10:31:01-06,75
2002-11-01,16.52,0.26,TOTALSA,2020-03-09,2020-03-09,Total Vehicle Sales,1976-01-01,2020-02-01,Monthly,M,Millions of Units,Mil. of Units,Seasonally Adjusted Annual Rate,SAAR,2020-03-06 10:31:01-06,75
2002-12-01,17.866,1.346,TOTALSA,2020-03-09,2020-03-09,Total Vehicle Sales,1976-01-01,2020-02-01,Monthly,M,Millions of Units,Mil. of Units,Seasonally Adjusted Annual Rate,SAAR,2020-03-06 10:31:01-06,75
2003-01-01,16.706,-1.16,TOTALSA,2020-03-09,2020-03-09,Total Vehicle Sales,1976-01-01,2020-02-01,Monthly,M,Millions of Units,Mil. of Units,Seasonally Adjusted Annual Rate,SAAR,2020-03-06 10:31:01-06,75
2003-02-01,16.114,-0.592,TOTALSA,2020-03-09,2020-03-09,Total Vehicle Sales,1976-01-01,2020-02-01,Monthly,M,Millions of Units,Mil. of Units,Seasonally Adjusted Annual Rate,SAAR,2020-03-06 10:31:01-06,75
2003-03-01,16.466,0.352,TOTALSA,2020-03-09,2020-03-09,Total Vehicle Sales,1976-01-01,2020-02-01,Monthly,M,Millions of Units,Mil. of Units,Seasonally Adjusted Annual Rate,SAAR,2020-03-06 10:31:01-06,75
2003-04-01,16.754,0.288,TOTALSA,2020-03-09,2020-03-09,Total Vehicle Sales,1976-01-01,2020-02-01,Monthly,M,Millions of Units,Mil. of Units,Seasonally Adjusted Annual Rate,SAAR,2020-03-06 10:31:01-06,75
2003-05-01,16.471,-0.283,TOTALSA,2020-03-09,2020-03-09,Total Vehicle Sales,1976-01-01,2020-02-01,Monthly,M,Millions of Units,Mil. of Units,Seasonally Adjusted Annual Rate,SAAR,2020-03-06 10:31:01-06,75
2003-06-01,17.014,0.543,TOTALSA,2020-03-09,2020-03-09,Total Vehicle Sales,1976-01-01,2020-02-01,Monthly,M,Millions of Units,Mil. of Units,Seasonally Adjusted Annual Rate,SAAR,2020-03-06 10:31:01-06,75
2003-07-01,17.113,0.099,TOTALSA,2020-03-09,2020-03-09,Total Vehicle Sales,1976-01-01,2020-02-01,Monthly,M,Millions of Units,Mil. of Units,Seasonally Adjusted Annual Rate,SAAR,2020-03-06 10:31:01-06,75
2003-08-01,18.262,1.149,TOTALSA,2020-03-09,2020-03-09,Total Vehicle Sales,1976-01-01,2020-02-01,Monthly,M,Millions of Units,Mil. of Units,Seasonally Adjusted Annual Rate,SAAR,2020-03-06 10:31:01-06,75
2003-09-01,17.287,-0.975,TOTALSA,2020-03-09,2020-03-09,Total Vehicle Sales,1976-01-01,2020-02-01,Monthly,M,Millions of Units,Mil. of Units,Seasonally Adjusted Annual Rate,SAAR,2020-03-06 10:31:01-06,75
2003-10-01,16.49,-0.797,TOTALSA,2020-03-09,2020-03-09,Total Vehicle Sales,1976-01-01,2020-02-01,Monthly,M,Millions of Units,Mil. of Units,Seasonally Adjusted Annual Rate,SAAR,2020-03-06 10:31:01-06,75
2003-11-01,17.563,1.073,TOTALSA,2020-03-09,2020-03-09,Total Vehicle Sales,1976-01-01,2020-02-01,Monthly,M,Millions of Units,Mil. of Units,Seasonally Adjusted Annual Rate,SAAR,2020-03-06 10:31:01-06,75
2003-12-01,17.357,-0.206,TOTALSA,2020-03-09,2020-03-09,Total Vehicle Sales,1976-01-01,2020-02-01,Monthly,M,Millions of Units,Mil. of Units,Seasonally Adjusted Annual Rate,SAAR,2020-03-06 10:31:01-06,75
2004-01-01,16.694,-0.663,TOTALSA,2020-03-09,2020-03-09,Total Vehicle Sales,1976-01-01,2020-02-01,Monthly,M,Millions of Units,Mil. of Units,Seasonally Adjusted Annual Rate,SAAR,2020-03-06 10:31:01-06,75
2004-02-01,17.032,0.338,TOTALSA,2020-03-09,2020-03-09,Total Vehicle Sales,1976-01-01,2020-02-01,Monthly,M,Millions of Units,Mil. of Units,Seasonally Adjusted Annual Rate,SAAR,2020-03-06 10:31:01-06,75
2004-03-01,17.246,0.214,TOTALSA,2020-03-09,2020-03-09,Total Vehicle Sales,1976-01-01,2020-02-01,Monthly,M,Millions of Units,Mil. of Units,Seasonally Adjusted Annual Rate,SAAR,2020-03-06 10:31:01-06,75
2004-04-01,16.9,-0.346,TOTALSA,2020-03-09,2020-03-09,Total Vehicle Sales,1976-01-01,2020-02-01,Monthly,M,Millions of Units,Mil. of Units,Seasonally Adjusted Annual Rate,SAAR,2020-03-06 10:31:01-06,75
2004-05-01,18.187,1.287,TOTALSA,2020-03-09,2020-03-09,Total Vehicle Sales,1976-01-01,2020-02-01,Monthly,M,Millions of Units,Mil. of Units,Seasonally Adjusted Annual Rate,SAAR,2020-03-06 10:31:01-06,75
2004-06-01,16.174,-2.013,TOTALSA,2020-03-09,2020-03-09,Total Vehicle Sales,1976-01-01,2020-02-01,Monthly,M,Millions of Units,Mil. of Units,Seasonally Adjusted Annual Rate,SAAR,2020-03-06 10:31:01-06,75
2004-07-01,17.304,1.13,TOTALSA,2020-03-09,2020-03-09,Total Vehicle Sales,1976-01-01,2020-02-01,Monthly,M,Millions of Units,Mil. of Units,Seasonally Adjusted Annual Rate,SAAR,2020-03-06 10:31:01-06,75
2004-08-01,17.158,-0.146,TOTALSA,2020-03-09,2020-03-09,Total Vehicle Sales,1976-01-01,2020-02-01,Monthly,M,Millions of Units,Mil. of Units,Seasonally Adjusted Annual Rate,SAAR,2020-03-06 10:31:01-06,75
2004-09-01,17.876,0.718,TOTALSA,2020-03-09,2020-03-09,Total Vehicle Sales,1976-01-01,2020-02-01,Monthly,M,Millions of Units,Mil. of Units,Seasonally Adjusted Annual Rate,SAAR,2020-03-06 10:31:01-06,75
2004-10-01,17.514,-0.362,TOTALSA,2020-03-09,2020-03-09,Total Vehicle Sales,1976-01-01,2020-02-01,Monthly,M,Millions of Units,Mil. of Units,Seasonally Adjusted Annual Rate,SAAR,2020-03-06 10:31:01-06,75
2004-11-01,17.362,-0.152,TOTALSA,2020-03-09,2020-03-09,Total Vehicle Sales,1976-01-01,2020-02-01,Monthly,M,Millions of Units,Mil. of Units,Seasonally Adjusted Annual Rate,SAAR,2020-03-06 10:31:01-06,75
2004-12-01,18.102,0.74,TOTALSA,2020-03-09,2020-03-09,Total Vehicle Sales,1976-01-01,2020-02-01,Monthly,M,Millions of Units,Mil. of Units,Seasonally Adjusted Annual Rate,SAAR,2020-03-06 10:31:01-06,75
2005-01-01,16.888,-1.214,TOTALSA,2020-03-09,2020-03-09,Total Vehicle Sales,1976-01-01,2020-02-01,Monthly,M,Millions of Units,Mil. of Units,Seasonally Adjusted Annual Rate,SAAR,2020-03-06 10:31:01-06,75
2005-02-01,16.887,-0.001,TOTALSA,2020-03-09,2020-03-09,Total Vehicle Sales,1976-01-01,2020-02-01,Monthly,M,Millions of Units,Mil. of Units,Seasonally Adjusted Annual Rate,SAAR,2020-03-06 10:31:01-06,75
2005-03-01,17.417,0.53,TOTALSA,2020-03-09,2020-03-09,Total Vehicle Sales,1976-01-01,2020-02-01,Monthly,M,Millions of Units,Mil. of Units,Seasonally Adjusted Annual Rate,SAAR,2020-03-06 10:31:01-06,75
2005-04-01,17.754,0.337,TOTALSA,2020-03-09,2020-03-09,Total Vehicle Sales,1976-01-01,2020-02-01,Monthly,M,Millions of Units,Mil. of Units,Seasonally Adjusted Annual Rate,SAAR,2020-03-06 10:31:01-06,75
2005-05-01,17.414,-0.34,TOTALSA,2020-03-09,2020-03-09,Total Vehicle Sales,1976-01-01,2020-02-01,Monthly,M,Millions of Units,Mil. of Units,Seasonally Adjusted Annual Rate,SAAR,2020-03-06 10:31:01-06,75
2005-06-01,18.483,1.069,TOTALSA,2020-03-09,2020-03-09,Total Vehicle Sales,1976-01-01,2020-02-01,Monthly,M,Millions of Units,Mil. of Units,Seasonally Adjusted Annual Rate,SAAR,2020-03-06 10:31:01-06,75
2005-07-01,21.129,2.646,TOTALSA,2020-03-09,2020-03-09,Total Vehicle Sales,1976-01-01,2020-02-01,Monthly,M,Millions of Units,Mil. of Units,Seasonally Adjusted Annual Rate,SAAR,2020-03-06 10:31:01-06,75
2005-08-01,17.419,-3.71,TOTALSA,2020-03-09,2020-03-09,Total Vehicle Sales,1976-01-01,2020-02-01,Monthly,M,Millions of Units,Mil. of Units,Seasonally Adjusted Annual Rate,SAAR,2020-03-06 10:31:01-06,75
2005-09-01,16.928,-0.491,TOTALSA,2020-03-09,2020-03-09,Total Vehicle Sales,1976-01-01,2020-02-01,Monthly,M,Millions of Units,Mil. of Units,Seasonally Adjusted Annual Rate,SAAR,2020-03-06 10:31:01-06,75
2005-10-01,15.336,-1.592,TOTALSA,2020-03-09,2020-03-09,Total Vehicle Sales,1976-01-01,2020-02-01,Monthly,M,Millions of Units,Mil. of Units,Seasonally Adjusted Annual Rate,SAAR,2020-03-06 10:31:01-06,75
2005-11-01,16.524,1.188,TOTALSA,2020-03-09,2020-03-09,Total Vehicle Sales,1976-01-01,2020-02-01,Monthly,M,Millions of Units,Mil. of Units,Seasonally Adjusted Annual Rate,SAAR,2020-03-06 10:31:01-06,75
2005-12-01,17.174,0.65,TOTALSA,2020-03-09,2020-03-09,Total Vehicle Sales,1976-01-01,2020-02-01,Monthly,M,Millions of Units,Mil. of Units,Seasonally Adjusted Annual Rate,SAAR,2020-03-06 10:31:01-06,75
2006-01-01,18.081,0.907,TOTALSA,2020-03-09,2020-03-09,Total Vehicle Sales,1976-01-01,2020-02-01,Monthly,M,Millions of Units,Mil. of Units,Seasonally Adjusted Annual Rate,SAAR,2020-03-06 10:31:01-06,75
2006-02-01,17.072,-1.009,TOTALSA,2020-03-09,2020-03-09,Total Vehicle Sales,1976-01-01,2020-02-01,Monthly,M,Millions of Units,Mil. of Units,Seasonally Adjusted Annual Rate,SAAR,2020-03-06 10:31:01-06,75
2006-03-01,16.959,-0.113,TOTALSA,2020-03-09,2020-03-09,Total Vehicle Sales,1976-01-01,2020-02-01,Monthly,M,Millions of Units,Mil. of Units,Seasonally Adjusted Annual Rate,SAAR,2020-03-06 10:31:01-06,75
2006-04-01,17.129,0.17,TOTALSA,2020-03-09,2020-03-09,Total Vehicle Sales,1976-01-01,2020-02-01,Monthly,M,Millions of Units,Mil. of Units,Seasonally Adjusted Annual Rate,SAAR,2020-03-06 10:31:01-06,75
2006-05-01,16.729,-0.4,TOTALSA,2020-03-09,2020-03-09,Total Vehicle Sales,1976-01-01,2020-02-01,Monthly,M,Millions of Units,Mil. of Units,Seasonally Adjusted Annual Rate,SAAR,2020-03-06 10:31:01-06,75
2006-06-01,16.901,0.172,TOTALSA,2020-03-09,2020-03-09,Total Vehicle Sales,1976-01-01,2020-02-01,Monthly,M,Millions of Units,Mil. of Units,Seasonally Adjusted Annual Rate,SAAR,2020-03-06 10:31:01-06,75
2006-07-01,17.655,0.754,TOTALSA,2020-03-09,2020-03-09,Total Vehicle Sales,1976-01-01,2020-02-01,Monthly,M,Millions of Units,Mil. of Units,Seasonally Adjusted Annual Rate,SAAR,2020-03-06 10:31:01-06,75
2006-08-01,16.459,-1.196,TOTALSA,2020-03-09,2020-03-09,Total Vehicle Sales,1976-01-01,2020-02-01,Monthly,M,Millions of Units,Mil. of Units,Seasonally Adjusted Annual Rate,SAAR,2020-03-06 10:31:01-06,75
2006-09-01,16.975,0.516,TOTALSA,2020-03-09,2020-03-09,Total Vehicle Sales,1976-01-01,2020-02-01,Monthly,M,Millions of Units,Mil. of Units,Seasonally Adjusted Annual Rate,SAAR,2020-03-06 10:31:01-06,75
2006-10-01,16.866,-0.109,TOTALSA,2020-03-09,2020-03-09,Total Vehicle Sales,1976-01-01,2020-02-01,Monthly,M,Millions of Units,Mil. of Units,Seasonally Adjusted Annual Rate,SAAR,2020-03-06 10:31:01-06,75
2006-11-01,16.657,-0.209,TOTALSA,2020-03-09,2020-03-09,Total Vehicle Sales,1976-01-01,2020-02-01,Monthly,M,Millions of Units,Mil. of Units,Seasonally Adjusted Annual Rate,SAAR,2020-03-06 10:31:01-06,75
2006-12-01,17.107,0.45,TOTALSA,2020-03-09,2020-03-09,Total Vehicle Sales,1976-01-01,2020-02-01,Monthly,M,Millions of Units,Mil. of Units,Seasonally Adjusted Annual Rate,SAAR,2020-03-06 10:31:01-06,75
2007-01-01,16.896,-0.211,TOTALSA,2020-03-09,2020-03-09,Total Vehicle Sales,1976-01-01,2020-02-01,Monthly,M,Millions of Units,Mil. of Units,Seasonally Adjusted Annual Rate,SAAR,2020-03-06 10:31:01-06,75
2007-02-01,17.169,0.273,TOTALSA,2020-03-09,2020-03-09,Total Vehicle Sales,1976-01-01,2020-02-01,Monthly,M,Millions of Units,Mil. of Units,Seasonally Adjusted Annual Rate,SAAR,2020-03-06 10:31:01-06,75
2007-03-01,16.436,-0.733,TOTALSA,2020-03-09,2020-03-09,Total Vehicle Sales,1976-01-01,2020-02-01,Monthly,M,Millions of Units,Mil. of Units,Seasonally Adjusted Annual Rate,SAAR,2020-03-06 10:31:01-06,75
2007-04-01,16.617,0.181,TOTALSA,2020-03-09,2020-03-09,Total Vehicle Sales,1976-01-01,2020-02-01,Monthly,M,Millions of Units,Mil. of Units,Seasonally Adjusted Annual Rate,SAAR,2020-03-06 10:31:01-06,75
2007-05-01,16.661,0.044,TOTALSA,2020-03-09,2020-03-09,Total Vehicle Sales,1976-01-01,2020-02-01,Monthly,M,Millions of Units,Mil. of Units,Seasonally Adjusted Annual Rate,SAAR,2020-03-06 10:31:01-06,75
2007-06-01,16.179,-0.482,TOTALSA,2020-03-09,2020-03-09,Total Vehicle Sales,1976-01-01,2020-02-01,Monthly,M,Millions of Units,Mil. of Units,Seasonally Adjusted Annual Rate,SAAR,2020-03-06 10:31:01-06,75
2007-07-01,15.834,-0.345,TOTALSA,2020-03-09,2020-03-09,Total Vehicle Sales,1976-01-01,2020-02-01,Monthly,M,Millions of Units,Mil. of Units,Seasonally Adjusted Annual Rate,SAAR,2020-03-06 10:31:01-06,75
2007-08-01,16.38,0.546,TOTALSA,2020-03-09,2020-03-09,Total Vehicle Sales,1976-01-01,2020-02-01,Monthly,M,Millions of Units,Mil. of Units,Seasonally Adjusted Annual Rate,SAAR,2020-03-06 10:31:01-06,75
2007-09-01,16.533,0.153,TOTALSA,2020-03-09,2020-03-09,Total Vehicle Sales,1976-01-01,2020-02-01,Monthly,M,Millions of Units,Mil. of Units,Seasonally Adjusted Annual Rate,SAAR,2020-03-06 10:31:01-06,75
2007-10-01,16.456,-0.077,TOTALSA,2020-03-09,2020-03-09,Total Vehicle Sales,1976-01-01,2020-02-01,Monthly,M,Millions of Units,Mil. of Units,Seasonally Adjusted Annual Rate,SAAR,2020-03-06 10:31:01-06,75
2007-11-01,16.354,-0.102,TOTALSA,2020-03-09,2020-03-09,Total Vehicle Sales,1976-01-01,2020-02-01,Monthly,M,Millions of Units,Mil. of Units,Seasonally Adjusted Annual Rate,SAAR,2020-03-06 10:31:01-06,75
2007-12-01,16.03,-0.324,TOTALSA,2020-03-09,2020-03-09,Total Vehicle Sales,1976-01-01,2020-02-01,Monthly,M,Millions of Units,Mil. of Units,Seasonally Adjusted Annual Rate,SAAR,2020-03-06 10:31:01-06,75
2008-01-01,15.706,-0.324,TOTALSA,2020-03-09,2020-03-09,Total Vehicle Sales,1976-01-01,2020-02-01,Monthly,M,Millions of Units,Mil. of Units,Seasonally Adjusted Annual Rate,SAAR,2020-03-06 10:31:01-06,75
2008-02-01,15.492,-0.214,TOTALSA,2020-03-09,2020-03-09,Total Vehicle Sales,1976-01-01,2020-02-01,Monthly,M,Millions of Units,Mil. of Units,Seasonally Adjusted Annual Rate,SAAR,2020-03-06 10:31:01-06,75
2008-03-01,15.116,-0.376,TOTALSA,2020-03-09,2020-03-09,Total Vehicle Sales,1976-01-01,2020-02-01,Monthly,M,Millions of Units,Mil. of Units,Seasonally Adjusted Annual Rate,SAAR,2020-03-06 10:31:01-06,75
2008-04-01,14.602,-0.514,TOTALSA,2020-03-09,2020-03-09,Total Vehicle Sales,1976-01-01,2020-02-01,Monthly,M,Millions of Units,Mil. of Units,Seasonally Adjusted Annual Rate,SAAR,2020-03-06 10:31:01-06,75
2008-05-01,14.697,0.095,TOTALSA,2020-03-09,2020-03-09,Total Vehicle Sales,1976-01-01,2020-02-01,Monthly,M,Millions of Units,Mil. of Units,Seasonally Adjusted Annual Rate,SAAR,2020-03-06 10:31:01-06,75
2008-06-01,14.377,-0.32,TOTALSA,2020-03-09,2020-03-09,Total Vehicle Sales,1976-01-01,2020-02-01,Monthly,M,Millions of Units,Mil. of Units,Seasonally Adjusted Annual Rate,SAAR,2020-03-06 10:31:01-06,75
2008-07-01,13.003,-1.374,TOTALSA,2020-03-09,2020-03-09,Total Vehicle Sales,1976-01-01,2020-02-01,Monthly,M,Millions of Units,Mil. of Units,Seasonally Adjusted Annual Rate,SAAR,2020-03-06 10:31:01-06,75
2008-08-01,14.119,1.116,TOTALSA,2020-03-09,2020-03-09,Total Vehicle Sales,1976-01-01,2020-02-01,Monthly,M,Millions of Units,Mil. of Units,Seasonally Adjusted Annual Rate,SAAR,2020-03-06 10:31:01-06,75
2008-09-01,12.962,-1.157,TOTALSA,2020-03-09,2020-03-09,Total Vehicle Sales,1976-01-01,2020-02-01,Monthly,M,Millions of Units,Mil. of Units,Seasonally Adjusted Annual Rate,SAAR,2020-03-06 10:31:01-06,75
2008-10-01,10.933,-2.029,TOTALSA,2020-03-09,2020-03-09,Total Vehicle Sales,1976-01-01,2020-02-01,Monthly,M,Millions of Units,Mil. of Units,Seasonally Adjusted Annual Rate,SAAR,2020-03-06 10:31:01-06,75
2008-11-01,10.525,-0.408,TOTALSA,2020-03-09,2020-03-09,Total Vehicle Sales,1976-01-01,2020-02-01,Monthly,M,Millions of Units,Mil. of Units,Seasonally Adjusted Annual Rate,SAAR,2020-03-06 10:31:01-06,75
2008-12-01,10.383,-0.142,TOTALSA,2020-03-09,2020-03-09,Total Vehicle Sales,1976-01-01,2020-02-01,Monthly,M,Millions of Units,Mil. of Units,Seasonally Adjusted Annual Rate,SAAR,2020-03-06 10:31:01-06,75
2009-01-01,9.786,-0.597,TOTALSA,2020-03-09,2020-03-09,Total Vehicle Sales,1976-01-01,2020-02-01,Monthly,M,Millions of Units,Mil. of Units,Seasonally Adjusted Annual Rate,SAAR,2020-03-06 10:31:01-06,75
2009-02-01,9.223,-0.563,TOTALSA,2020-03-09,2020-03-09,Total Vehicle Sales,1976-01-01,2020-02-01,Monthly,M,Millions of Units,Mil. of Units,Seasonally Adjusted Annual Rate,SAAR,2020-03-06 10:31:01-06,75
2009-03-01,9.748,0.525,TOTALSA,2020-03-09,2020-03-09,Total Vehicle Sales,1976-01-01,2020-02-01,Monthly,M,Millions of Units,Mil. of Units,Seasonally Adjusted Annual Rate,SAAR,2020-03-06 10:31:01-06,75
2009-04-01,9.38,-0.368,TOTALSA,2020-03-09,2020-03-09,Total Vehicle Sales,1976-01-01,2020-02-01,Monthly,M,Millions of Units,Mil. of Units,Seasonally Adjusted Annual Rate,SAAR,2020-03-06 10:31:01-06,75
2009-05-01,10.176,0.796,TOTALSA,2020-03-09,2020-03-09,Total Vehicle Sales,1976-01-01,2020-02-01,Monthly,M,Millions of Units,Mil. of Units,Seasonally Adjusted Annual Rate,SAAR,2020-03-06 10:31:01-06,75
2009-06-01,10.149,-0.027,TOTALSA,2020-03-09,2020-03-09,Total Vehicle Sales,1976-01-01,2020-02-01,Monthly,M,Millions of Units,Mil. of Units,Seasonally Adjusted Annual Rate,SAAR,2020-03-06 10:31:01-06,75
2009-07-01,11.565,1.416,TOTALSA,2020-03-09,2020-03-09,Total Vehicle Sales,1976-01-01,2020-02-01,Monthly,M,Millions of Units,Mil. of Units,Seasonally Adjusted Annual Rate,SAAR,2020-03-06 10:31:01-06,75
2009-08-01,14.754,3.189,TOTALSA,2020-03-09,2020-03-09,Total Vehicle Sales,1976-01-01,2020-02-01,Monthly,M,Millions of Units,Mil. of Units,Seasonally Adjusted Annual Rate,SAAR,2020-03-06 10:31:01-06,75
2009-09-01,9.536,-5.218,TOTALSA,2020-03-09,2020-03-09,Total Vehicle Sales,1976-01-01,2020-02-01,Monthly,M,Millions of Units,Mil. of Units,Seasonally Adjusted Annual Rate,SAAR,2020-03-06 10:31:01-06,75
2009-10-01,10.576,1.04,TOTALSA,2020-03-09,2020-03-09,Total Vehicle Sales,1976-01-01,2020-02-01,Monthly,M,Millions of Units,Mil. of Units,Seasonally Adjusted Annual Rate,SAAR,2020-03-06 10:31:01-06,75
2009-11-01,11.04,0.464,TOTALSA,2020-03-09,2020-03-09,Total Vehicle Sales,1976-01-01,2020-02-01,Monthly,M,Millions of Units,Mil. of Units,Seasonally Adjusted Annual Rate,SAAR,2020-03-06 10:31:01-06,75
2009-12-01,11.284,0.244,TOTALSA,2020-03-09,2020-03-09,Total Vehicle Sales,1976-01-01,2020-02-01,Monthly,M,Millions of Units,Mil. of Units,Seasonally Adjusted Annual Rate,SAAR,2020-03-06 10:31:01-06,75
2010-01-01,10.893,-0.391,TOTALSA,2020-03-09,2020-03-09,Total Vehicle Sales,1976-01-01,2020-02-01,Monthly,M,Millions of Units,Mil. of Units,Seasonally Adjusted Annual Rate,SAAR,2020-03-06 10:31:01-06,75
2010-02-01,10.315,-0.578,TOTALSA,2020-03-09,2020-03-09,Total Vehicle Sales,1976-01-01,2020-02-01,Monthly,M,Millions of Units,Mil. of Units,Seasonally Adjusted Annual Rate,SAAR,2020-03-06 10:31:01-06,75
2010-03-01,11.772,1.457,TOTALSA,2020-03-09,2020-03-09,Total Vehicle Sales,1976-01-01,2020-02-01,Monthly,M,Millions of Units,Mil. of Units,Seasonally Adjusted Annual Rate,SAAR,2020-03-06 10:31:01-06,75
2010-04-01,11.454,-0.318,TOTALSA,2020-03-09,2020-03-09,Total Vehicle Sales,1976-01-01,2020-02-01,Monthly,M,Millions of Units,Mil. of Units,Seasonally Adjusted Annual Rate,SAAR,2020-03-06 10:31:01-06,75
2010-05-01,12.03,0.576,TOTALSA,2020-03-09,2020-03-09,Total Vehicle Sales,1976-01-01,2020-02-01,Monthly,M,Millions of Units,Mil. of Units,Seasonally Adjusted Annual Rate,SAAR,2020-03-06 10:31:01-06,75
2010-06-01,11.598,-0.432,TOTALSA,2020-03-09,2020-03-09,Total Vehicle Sales,1976-01-01,2020-02-01,Monthly,M,Millions of Units,Mil. of Units,Seasonally Adjusted Annual Rate,SAAR,2020-03-06 10:31:01-06,75
2010-07-01,11.947,0.349,TOTALSA,2020-03-09,2020-03-09,Total Vehicle Sales,1976-01-01,2020-02-01,Monthly,M,Millions of Units,Mil. of Units,Seasonally Adjusted Annual Rate,SAAR,2020-03-06 10:31:01-06,75
2010-08-01,12.014,0.067,TOTALSA,2020-03-09,2020-03-09,Total Vehicle Sales,1976-01-01,2020-02-01,Monthly,M,Millions of Units,Mil. of Units,Seasonally Adjusted Annual Rate,SAAR,2020-03-06 10:31:01-06,75
2010-09-01,11.922,-0.092,TOTALSA,2020-03-09,2020-03-09,Total Vehicle Sales,1976-01-01,2020-02-01,Monthly,M,Millions of Units,Mil. of Units,Seasonally Adjusted Annual Rate,SAAR,2020-03-06 10:31:01-06,75
2010-10-01,12.414,0.492,TOTALSA,2020-03-09,2020-03-09,Total Vehicle Sales,1976-01-01,2020-02-01,Monthly,M,Millions of Units,Mil. of Units,Seasonally Adjusted Annual Rate,SAAR,2020-03-06 10:31:01-06,75
2010-11-01,12.3,-0.114,TOTALSA,2020-03-09,2020-03-09,Total Vehicle Sales,1976-01-01,2020-02-01,Monthly,M,Millions of Units,Mil. of Units,Seasonally Adjusted Annual Rate,SAAR,2020-03-06 10:31:01-06,75
2010-12-01,12.606,0.306,TOTALSA,2020-03-09,2020-03-09,Total Vehicle Sales,1976-01-01,2020-02-01,Monthly,M,Millions of Units,Mil. of Units,Seasonally Adjusted Annual Rate,SAAR,2020-03-06 10:31:01-06,75
2011-01-01,12.806,0.2,TOTALSA,2020-03-09,2020-03-09,Total Vehicle Sales,1976-01-01,2020-02-01,Monthly,M,Millions of Units,Mil. of Units,Seasonally Adjusted Annual Rate,SAAR,2020-03-06 10:31:01-06,75
2011-02-01,13.081,0.275,TOTALSA,2020-03-09,2020-03-09,Total Vehicle Sales,1976-01-01,2020-02-01,Monthly,M,Millions of Units,Mil. of Units,Seasonally Adjusted Annual Rate,SAAR,2020-03-06 10:31:01-06,75
2011-03-01,13.259,0.178,TOTALSA,2020-03-09,2020-03-09,Total Vehicle Sales,1976-01-01,2020-02-01,Monthly,M,Millions of Units,Mil. of Units,Seasonally Adjusted Annual Rate,SAAR,2020-03-06 10:31:01-06,75
2011-04-01,13.327,0.068,TOTALSA,2020-03-09,2020-03-09,Total Vehicle Sales,1976-01-01,2020-02-01,Monthly,M,Millions of Units,Mil. of Units,Seasonally Adjusted Annual Rate,SAAR,2020-03-06 10:31:01-06,75
2011-05-01,12.28,-1.047,TOTALSA,2020-03-09,2020-03-09,Total Vehicle Sales,1976-01-01,2020-02-01,Monthly,M,Millions of Units,Mil. of Units,Seasonally Adjusted Annual Rate,SAAR,2020-03-06 10:31:01-06,75
2011-06-01,11.886,-0.394,TOTALSA,2020-03-09,2020-03-09,Total Vehicle Sales,1976-01-01,2020-02-01,Monthly,M,Millions of Units,Mil. of Units,Seasonally Adjusted Annual Rate,SAAR,2020-03-06 10:31:01-06,75
2011-07-01,12.719,0.833,TOTALSA,2020-03-09,2020-03-09,Total Vehicle Sales,1976-01-01,2020-02-01,Monthly,M,Millions of Units,Mil. of Units,Seasonally Adjusted Annual Rate,SAAR,2020-03-06 10:31:01-06,75
2011-08-01,12.604,-0.115,TOTALSA,2020-03-09,2020-03-09,Total Vehicle Sales,1976-01-01,2020-02-01,Monthly,M,Millions of Units,Mil. of Units,Seasonally Adjusted Annual Rate,SAAR,2020-03-06 10:31:01-06,75
2011-09-01,13.356,0.752,TOTALSA,2020-03-09,2020-03-09,Total Vehicle Sales,1976-01-01,2020-02-01,Monthly,M,Millions of Units,Mil. of Units,Seasonally Adjusted Annual Rate,SAAR,2020-03-06 10:31:01-06,75
2011-10-01,13.731,0.375,TOTALSA,2020-03-09,2020-03-09,Total Vehicle Sales,1976-01-01,2020-02-01,Monthly,M,Millions of Units,Mil. of Units,Seasonally Adjusted Annual Rate,SAAR,2020-03-06 10:31:01-06,75
2011-11-01,13.742,0.011,TOTALSA,2020-03-09,2020-03-09,Total Vehicle Sales,1976-01-01,2020-02-01,Monthly,M,Millions of Units,Mil. of Units,Seasonally Adjusted Annual Rate,SAAR,2020-03-06 10:31:01-06,75
2011-12-01,13.798,0.056,TOTALSA,2020-03-09,2020-03-09,Total Vehicle Sales,1976-01-01,2020-02-01,Monthly,M,Millions of Units,Mil. of Units,Seasonally Adjusted Annual Rate,SAAR,2020-03-06 10:31:01-06,75
2012-01-01,14.395,0.597,TOTALSA,2020-03-09,2020-03-09,Total Vehicle Sales,1976-01-01,2020-02-01,Monthly,M,Millions of Units,Mil. of Units,Seasonally Adjusted Annual Rate,SAAR,2020-03-06 10:31:01-06,75
2012-02-01,14.975,0.58,TOTALSA,2020-03-09,2020-03-09,Total Vehicle Sales,1976-01-01,2020-02-01,Monthly,M,Millions of Units,Mil. of Units,Seasonally Adjusted Annual Rate,SAAR,2020-03-06 10:31:01-06,75
2012-03-01,14.594,-0.381,TOTALSA,2020-03-09,2020-03-09,Total Vehicle Sales,1976-01-01,2020-02-01,Monthly,M,Millions of Units,Mil. of Units,Seasonally Adjusted Annual Rate,SAAR,2020-03-06 10:31:01-06,75
2012-04-01,14.77,0.176,TOTALSA,2020-03-09,2020-03-09,Total Vehicle Sales,1976-01-01,2020-02-01,Monthly,M,Millions of Units,Mil. of Units,Seasonally Adjusted Annual Rate,SAAR,2020-03-06 10:31:01-06,75
2012-05-01,14.496,-0.274,TOTALSA,2020-03-09,2020-03-09,Total Vehicle Sales,1976-01-01,2020-02-01,Monthly,M,Millions of Units,Mil. of Units,Seasonally Adjusted Annual Rate,SAAR,2020-03-06 10:31:01-06,75
2012-06-01,14.467,-0.029,TOTALSA,2020-03-09,2020-03-09,Total Vehicle Sales,1976-01-01,2020-02-01,Monthly,M,Millions of Units,Mil. of Units,Seasonally Adjusted Annual Rate,SAAR,2020-03-06 10:31:01-06,75
2012-07-01,14.38,-0.087,TOTALSA,2020-03-09,2020-03-09,Total Vehicle Sales,1976-01-01,2020-02-01,Monthly,M,Millions of Units,Mil. of Units,Seasonally Adjusted Annual Rate,SAAR,2020-03-06 10:31:01-06,75
2012-08-01,14.444,0.064,TOTALSA,2020-03-09,2020-03-09,Total Vehicle Sales,1976-01-01,2020-02-01,Monthly,M,Millions of Units,Mil. of Units,Seasonally Adjusted Annual Rate,SAAR,2020-03-06 10:31:01-06,75
2012-09-01,15.099,0.655,TOTALSA,2020-03-09,2020-03-09,Total Vehicle Sales,1976-01-01,2020-02-01,Monthly,M,Millions of Units,Mil. of Units,Seasonally Adjusted Annual Rate,SAAR,2020-03-06 10:31:01-06,75
2012-10-01,14.831,-0.268,TOTALSA,2020-03-09,2020-03-09,Total Vehicle Sales,1976-01-01,2020-02-01,Monthly,M,Millions of Units,Mil. of Units,Seasonally Adjusted Annual Rate,SAAR,2020-03-06 10:31:01-06,75
2012-11-01,15.456,0.625,TOTALSA,2020-03-09,2020-03-09,Total Vehicle Sales,1976-01-01,2020-02-01,Monthly,M,Millions of Units,Mil. of Units,Seasonally Adjusted Annual Rate,SAAR,2020-03-06 10:31:01-06,75
2012-12-01,15.462,0.006,TOTALSA,2020-03-09,2020-03-09,Total Vehicle Sales,1976-01-01,2020-02-01,Monthly,M,Millions of Units,Mil. of Units,Seasonally Adjusted Annual Rate,SAAR,2020-03-06 10:31:01-06,75
2013-01-01,15.813,0.351,TOTALSA,2020-03-09,2020-03-09,Total Vehicle Sales,1976-01-01,2020-02-01,Monthly,M,Millions of Units,Mil. of Units,Seasonally Adjusted Annual Rate,SAAR,2020-03-06 10:31:01-06,75
2013-02-01,15.861,0.048,TOTALSA,2020-03-09,2020-03-09,Total Vehicle Sales,1976-01-01,2020-02-01,Monthly,M,Millions of Units,Mil. of Units,Seasonally Adjusted Annual Rate,SAAR,2020-03-06 10:31:01-06,75
2013-03-01,15.723,-0.138,TOTALSA,2020-03-09,2020-03-09,Total Vehicle Sales,1976-01-01,2020-02-01,Monthly,M,Millions of Units,Mil. of Units,Seasonally Adjusted Annual Rate,SAAR,2020-03-06 10:31:01-06,75
2013-04-01,15.81,0.087,TOTALSA,2020-03-09,2020-03-09,Total Vehicle Sales,1976-01-01,2020-02-01,Monthly,M,Millions of Units,Mil. of Units,Seasonally Adjusted Annual Rate,SAAR,2020-03-06 10:31:01-06,75
2013-05-01,15.884,0.074,TOTALSA,2020-03-09,2020-03-09,Total Vehicle Sales,1976-01-01,2020-02-01,Monthly,M,Millions of Units,Mil. of Units,Seasonally Adjusted Annual Rate,SAAR,2020-03-06 10:31:01-06,75
2013-06-01,16.148,0.264,TOTALSA,2020-03-09,2020-03-09,Total Vehicle Sales,1976-01-01,2020-02-01,Monthly,M,Millions of Units,Mil. of Units,Seasonally Adjusted Annual Rate,SAAR,2020-03-06 10:31:01-06,75
2013-07-01,16.021,-0.127,TOTALSA,2020-03-09,2020-03-09,Total Vehicle Sales,1976-01-01,2020-02-01,Monthly,M,Millions of Units,Mil. of Units,Seasonally Adjusted Annual Rate,SAAR,2020-03-06 10:31:01-06,75
2013-08-01,15.827,-0.194,TOTALSA,2020-03-09,2020-03-09,Total Vehicle Sales,1976-01-01,2020-02-01,Monthly,M,Millions of Units,Mil. of Units,Seasonally Adjusted Annual Rate,SAAR,2020-03-06 10:31:01-06,75
2013-09-01,15.857,0.03,TOTALSA,2020-03-09,2020-03-09,Total Vehicle Sales,1976-01-01,2020-02-01,Monthly,M,Millions of Units,Mil. of Units,Seasonally Adjusted Annual Rate,SAAR,2020-03-06 10:31:01-06,75
2013-10-01,15.728,-0.129,TOTALSA,2020-03-09,2020-03-09,Total Vehicle Sales,1976-01-01,2020-02-01,Monthly,M,Millions of Units,Mil. of Units,Seasonally Adjusted Annual Rate,SAAR,2020-03-06 10:31:01-06,75
2013-11-01,16.078,0.35,TOTALSA,2020-03-09,2020-03-09,Total Vehicle Sales,1976-01-01,2020-02-01,Monthly,M,Millions of Units,Mil. of Units,Seasonally Adjusted Annual Rate,SAAR,2020-03-06 10:31:01-06,75
2013-12-01,15.834,-0.244,TOTALSA,2020-03-09,2020-03-09,Total Vehicle Sales,1976-01-01,2020-02-01,Monthly,M,Millions of Units,Mil. of Units,Seasonally Adjusted Annual Rate,SAAR,2020-03-06 10:31:01-06,75
2014-01-01,15.614,-0.22,TOTALSA,2020-03-09,2020-03-09,Total Vehicle Sales,1976-01-01,2020-02-01,Monthly,M,Millions of Units,Mil. of Units,Seasonally Adjusted Annual Rate,SAAR,2020-03-06 10:31:01-06,75
2014-02-01,15.993,0.379,TOTALSA,2020-03-09,2020-03-09,Total Vehicle Sales,1976-01-01,2020-02-01,Monthly,M,Millions of Units,Mil. of Units,Seasonally Adjusted Annual Rate,SAAR,2020-03-06 10:31:01-06,75
2014-03-01,16.985,0.992,TOTALSA,2020-03-09,2020-03-09,Total Vehicle Sales,1976-01-01,2020-02-01,Monthly,M,Millions of Units,Mil. of Units,Seasonally Adjusted Annual Rate,SAAR,2020-03-06 10:31:01-06,75
2014-04-01,16.697,-0.288,TOTALSA,2020-03-09,2020-03-09,Total Vehicle Sales,1976-01-01,2020-02-01,Monthly,M,Millions of Units,Mil. of Units,Seasonally Adjusted Annual Rate,SAAR,2020-03-06 10:31:01-06,75
2014-05-01,17.137,0.44,TOTALSA,2020-03-09,2020-03-09,Total Vehicle Sales,1976-01-01,2020-02-01,Monthly,M,Millions of Units,Mil. of Units,Seasonally Adjusted Annual Rate,SAAR,2020-03-06 10:31:01-06,75
2014-06-01,17.516,0.379,TOTALSA,2020-03-09,2020-03-09,Total Vehicle Sales,1976-01-01,2020-02-01,Monthly,M,Millions of Units,Mil. of Units,Seasonally Adjusted Annual Rate,SAAR,2020-03-06 10:31:01-06,75
2014-07-01,17.277,-0.239,TOTALSA,2020-03-09,2020-03-09,Total Vehicle Sales,1976-01-01,2020-02-01,Monthly,M,Millions of Units,Mil. of Units,Seasonally Adjusted Annual Rate,SAAR,2020-03-06 10:31:01-06,75
2014-08-01,17.239,-0.038,TOTALSA,2020-03-09,2020-03-09,Total Vehicle Sales,1976-01-01,2020-02-01,Monthly,M,Millions of Units,Mil. of Units,Seasonally Adjusted Annual Rate,SAAR,2020-03-06 10:31:01-06,75
2014-09-01,16.959,-0.28,TOTALSA,2020-03-09,2020-03-09,Total Vehicle Sales,1976-01-01,2020-02-01,Monthly,M,Millions of Units,Mil. of Units,Seasonally Adjusted Annual Rate,SAAR,2020-03-06 10:31:01-06,75
2014-10-01,16.757,-0.202,TOTALSA,2020-03-09,2020-03-09,Total Vehicle Sales,1976-01-01,2020-02-01,Monthly,M,Millions of Units,Mil. of Units,Seasonally Adjusted Annual Rate,SAAR,2020-03-06 10:31:01-06,75
2014-11-01,16.947,0.19,TOTALSA,2020-03-09,2020-03-09,Total Vehicle Sales,1976-01-01,2020-02-01,Monthly,M,Millions of Units,Mil. of Units,Seasonally Adjusted Annual Rate,SAAR,2020-03-06 10:31:01-06,75
2014-12-01,17.179,0.232,TOTALSA,2020-03-09,2020-03-09,Total Vehicle Sales,1976-01-01,2020-02-01,Monthly,M,Millions of Units,Mil. of Units,Seasonally Adjusted Annual Rate,SAAR,2020-03-06 10:31:01-06,75
2015-01-01,16.935,-0.244,TOTALSA,2020-03-09,2020-03-09,Total Vehicle Sales,1976-01-01,2020-02-01,Monthly,M,Millions of Units,Mil. of Units,Seasonally Adjusted Annual Rate,SAAR,2020-03-06 10:31:01-06,75
2015-02-01,16.889,-0.046,TOTALSA,2020-03-09,2020-03-09,Total Vehicle Sales,1976-01-01,2020-02-01,Monthly,M,Millions of Units,Mil. of Units,Seasonally Adjusted Annual Rate,SAAR,2020-03-06 10:31:01-06,75
2015-03-01,17.849,0.96,TOTALSA,2020-03-09,2020-03-09,Total Vehicle Sales,1976-01-01,2020-02-01,Monthly,M,Millions of Units,Mil. of Units,Seasonally Adjusted Annual Rate,SAAR,2020-03-06 10:31:01-06,75
2015-04-01,17.638,-0.211,TOTALSA,2020-03-09,2020-03-09,Total Vehicle Sales,1976-01-01,2020-02-01,Monthly,M,Millions of Units,Mil. of Units,Seasonally Adjusted Annual Rate,SAAR,2020-03-06 10:31:01-06,75
2015-05-01,18.017,0.379,TOTALSA,2020-03-09,2020-03-09,Total Vehicle Sales,1976-01-01,2020-02-01,Monthly,M,Millions of Units,Mil. of Units,Seasonally Adjusted Annual Rate,SAAR,2020-03-06 10:31:01-06,75
2015-06-01,17.87,-0.147,TOTALSA,2020-03-09,2020-03-09,Total Vehicle Sales,1976-01-01,2020-02-01,Monthly,M,Millions of Units,Mil. of Units,Seasonally Adjusted Annual Rate,SAAR,2020-03-06 10:31:01-06,75
2015-07-01,18.314,0.444,TOTALSA,2020-03-09,2020-03-09,Total Vehicle Sales,1976-01-01,2020-02-01,Monthly,M,Millions of Units,Mil. of Units,Seasonally Adjusted Annual Rate,SAAR,2020-03-06 10:31:01-06,75
2015-08-01,18.44,0.126,TOTALSA,2020-03-09,2020-03-09,Total Vehicle Sales,1976-01-01,2020-02-01,Monthly,M,Millions of Units,Mil. of Units,Seasonally Adjusted Annual Rate,SAAR,2020-03-06 10:31:01-06,75
2015-09-01,18.232,-0.208,TOTALSA,2020-03-09,2020-03-09,Total Vehicle Sales,1976-01-01,2020-02-01,Monthly,M,Millions of Units,Mil. of Units,Seasonally Adjusted Annual Rate,SAAR,2020-03-06 10:31:01-06,75
2015-10-01,18.202,-0.03,TOTALSA,2020-03-09,2020-03-09,Total Vehicle Sales,1976-01-01,2020-02-01,Monthly,M,Millions of Units,Mil. of Units,Seasonally Adjusted Annual Rate,SAAR,2020-03-06 10:31:01-06,75
2015-11-01,18.316,0.114,TOTALSA,2020-03-09,2020-03-09,Total Vehicle Sales,1976-01-01,2020-02-01,Monthly,M,Millions of Units,Mil. of Units,Seasonally Adjusted Annual Rate,SAAR,2020-03-06 10:31:01-06,75
2015-12-01,17.441,-0.875,TOTALSA,2020-03-09,2020-03-09,Total Vehicle Sales,1976-01-01,2020-02-01,Monthly,M,Millions of Units,Mil. of Units,Seasonally Adjusted Annual Rate,SAAR,2020-03-06 10:31:01-06,75
2016-01-01,18.091,0.65,TOTALSA,2020-03-09,2020-03-09,Total Vehicle Sales,1976-01-01,2020-02-01,Monthly,M,Millions of Units,Mil. of Units,Seasonally Adjusted Annual Rate,SAAR,2020-03-06 10:31:01-06,75
2016-02-01,18.025,-0.066,TOTALSA,2020-03-09,2020-03-09,Total Vehicle Sales,1976-01-01,2020-02-01,Monthly,M,Millions of Units,Mil. of Units,Seasonally Adjusted Annual Rate,SAAR,2020-03-06 10:31:01-06,75
2016-03-01,17.328,-0.697,TOTALSA,2020-03-09,2020-03-09,Total Vehicle Sales,1976-01-01,2020-02-01,Monthly,M,Millions of Units,Mil. of Units,Seasonally Adjusted Annual Rate,SAAR,2020-03-06 10:31:01-06,75
2016-04-01,17.715,0.387,TOTALSA,2020-03-09,2020-03-09,Total Vehicle Sales,1976-01-01,2020-02-01,Monthly,M,Millions of Units,Mil. of Units,Seasonally Adjusted Annual Rate,SAAR,2020-03-06 10:31:01-06,75
2016-05-01,17.758,0.043,TOTALSA,2020-03-09,2020-03-09,Total Vehicle Sales,1976-01-01,2020-02-01,Monthly,M,Millions of Units,Mil. of Units,Seasonally Adjusted Annual Rate,SAAR,2020-03-06 10:31:01-06,75
2016-06-01,17.73,-0.028,TOTALSA,2020-03-09,2020-03-09,Total Vehicle Sales,1976-01-01,2020-02-01,Monthly,M,Millions of Units,Mil. of Units,Seasonally Adjusted Annual Rate,SAAR,2020-03-06 10:31:01-06,75
2016-07-01,18.108,0.378,TOTALSA,2020-03-09,2020-03-09,Total Vehicle Sales,1976-01-01,2020-02-01,Monthly,M,Millions of Units,Mil. of Units,Seasonally Adjusted Annual Rate,SAAR,2020-03-06 10:31:01-06,75
2016-08-01,17.899,-0.209,TOTALSA,2020-03-09,2020-03-09,Total Vehicle Sales,1976-01-01,2020-02-01,Monthly,M,Millions of Units,Mil. of Units,Seasonally Adjusted Annual Rate,SAAR,2020-03-06 10:31:01-06,75
2016-09-01,17.961,0.062,TOTALSA,2020-03-09,2020-03-09,Total Vehicle Sales,1976-01-01,2020-02-01,Monthly,M,Millions of Units,Mil. of Units,Seasonally Adjusted Annual Rate,SAAR,2020-03-06 10:31:01-06,75
2016-10-01,17.856,-0.105,TOTALSA,2020-03-09,2020-03-09,Total Vehicle Sales,1976-01-01,2020-02-01,Monthly,M,Millions of Units,Mil. of Units,Seasonally Adjusted Annual Rate,SAAR,2020-03-06 10:31:01-06,75
2016-11-01,17.748,-0.108,TOTALSA,2020-03-09,2020-03-09,Total Vehicle Sales,1976-01-01,2020-02-01,Monthly,M,Millions of Units,Mil. of Units,Seasonally Adjusted Annual Rate,SAAR,2020-03-06 10:31:01-06,75
2016-12-01,18.18,0.432,TOTALSA,2020-03-09,2020-03-09,Total Vehicle Sales,1976-01-01,2020-02-01,Monthly,M,Millions of Units,Mil. of Units,Seasonally Adjusted Annual Rate,SAAR,2020-03-06 10:31:01-06,75
2017-01-01,17.665,-0.515,TOTALSA,2020-03-09,2020-03-09,Total Vehicle Sales,1976-01-01,2020-02-01,Monthly,M,Millions of Units,Mil. of Units,Seasonally Adjusted Annual Rate,SAAR,2020-03-06 10:31:01-06,75
2017-02-01,17.773,0.108,TOTALSA,2020-03-09,2020-03-09,Total Vehicle Sales,1976-01-01,2020-02-01,Monthly,M,Millions of Units,Mil. of Units,Seasonally Adjusted Annual Rate,SAAR,2020-03-06 10:31:01-06,75
2017-03-01,17.097,-0.676,TOTALSA,2020-03-09,2020-03-09,Total Vehicle Sales,1976-01-01,2020-02-01,Monthly,M,Millions of Units,Mil. of Units,Seasonally Adjusted Annual Rate,SAAR,2020-03-06 10:31:01-06,75
2017-04-01,17.281,0.184,TOTALSA,2020-03-09,2020-03-09,Total Vehicle Sales,1976-01-01,2020-02-01,Monthly,M,Millions of Units,Mil. of Units,Seasonally Adjusted Annual Rate,SAAR,2020-03-06 10:31:01-06,75
2017-05-01,17.254,-0.027,TOTALSA,2020-03-09,2020-03-09,Total Vehicle Sales,1976-01-01,2020-02-01,Monthly,M,Millions of Units,Mil. of Units,Seasonally Adjusted Annual Rate,SAAR,2020-03-06 10:31:01-06,75
2017-06-01,17.209,-0.045,TOTALSA,2020-03-09,2020-03-09,Total Vehicle Sales,1976-01-01,2020-02-01,Monthly,M,Millions of Units,Mil. of Units,Seasonally Adjusted Annual Rate,SAAR,2020-03-06 10:31:01-06,75
2017-07-01,17.18,-0.029,TOTALSA,2020-03-09,2020-03-09,Total Vehicle Sales,1976-01-01,2020-02-01,Monthly,M,Millions of Units,Mil. of Units,Seasonally Adjusted Annual Rate,SAAR,2020-03-06 10:31:01-06,75
2017-08-01,17.016,-0.164,TOTALSA,2020-03-09,2020-03-09,Total Vehicle Sales,1976-01-01,2020-02-01,Monthly,M,Millions of Units,Mil. of Units,Seasonally Adjusted Annual Rate,SAAR,2020-03-06 10:31:01-06,75
2017-09-01,18.381,1.365,TOTALSA,2020-03-09,2020-03-09,Total Vehicle Sales,1976-01-01,2020-02-01,Monthly,M,Millions of Units,Mil. of Units,Seasonally Adjusted Annual Rate,SAAR,2020-03-06 10:31:01-06,75
2017-10-01,18.198,-0.183,TOTALSA,2020-03-09,2020-03-09,Total Vehicle Sales,1976-01-01,2020-02-01,Monthly,M,Millions of Units,Mil. of Units,Seasonally Adjusted Annual Rate,SAAR,2020-03-06 10:31:01-06,75
2017-11-01,17.862,-0.336,TOTALSA,2020-03-09,2020-03-09,Total Vehicle Sales,1976-01-01,2020-02-01,Monthly,M,Millions of Units,Mil. of Units,Seasonally Adjusted Annual Rate,SAAR,2020-03-06 10:31:01-06,75
2017-12-01,17.697,-0.165,TOTALSA,2020-03-09,2020-03-09,Total Vehicle Sales,1976-01-01,2020-02-01,Monthly,M,Millions of Units,Mil. of Units,Seasonally Adjusted Annual Rate,SAAR,2020-03-06 10:31:01-06,75
2018-01-01,17.552,-0.145,TOTALSA,2020-03-09,2020-03-09,Total Vehicle Sales,1976-01-01,2020-02-01,Monthly,M,Millions of Units,Mil. of Units,Seasonally Adjusted Annual Rate,SAAR,2020-03-06 10:31:01-06,75
2018-02-01,17.555,0.003,TOTALSA,2020-03-09,2020-03-09,Total Vehicle Sales,1976-01-01,2020-02-01,Monthly,M,Millions of Units,Mil. of Units,Seasonally Adjusted Annual Rate,SAAR,2020-03-06 10:31:01-06,75
2018-03-01,17.695,0.14,TOTALSA,2020-03-09,2020-03-09,Total Vehicle Sales,1976-01-01,2020-02-01,Monthly,M,Millions of Units,Mil. of Units,Seasonally Adjusted Annual Rate,SAAR,2020-03-06 10:31:01-06,75
2018-04-01,17.774,0.079,TOTALSA,2020-03-09,2020-03-09,Total Vehicle Sales,1976-01-01,2020-02-01,Monthly,M,Millions of Units,Mil. of Units,Seasonally Adjusted Annual Rate,SAAR,2020-03-06 10:31:01-06,75
2018-05-01,17.778,0.004,TOTALSA,2020-03-09,2020-03-09,Total Vehicle Sales,1976-01-01,2020-02-01,Monthly,M,Millions of Units,Mil. of Units,Seasonally Adjusted Annual Rate,SAAR,2020-03-06 10:31:01-06,75
2018-06-01,17.701,-0.077,TOTALSA,2020-03-09,2020-03-09,Total Vehicle Sales,1976-01-01,2020-02-01,Monthly,M,Millions of Units,Mil. of Units,Seasonally Adjusted Annual Rate,SAAR,2020-03-06 10:31:01-06,75
2018-07-01,17.384,-0.317,TOTALSA,2020-03-09,2020-03-09,Total Vehicle Sales,1976-01-01,2020-02-01,Monthly,M,Millions of Units,Mil. of Units,Seasonally Adjusted Annual Rate,SAAR,2020-03-06 10:31:01-06,75
2018-08-01,17.361,-0.023,TOTALSA,2020-03-09,2020-03-09,Total Vehicle Sales,1976-01-01,2020-02-01,Monthly,M,Millions of Units,Mil. of Units,Seasonally Adjusted Annual Rate,SAAR,2020-03-06 10:31:01-06,75
2018-09-01,17.842,0.481,TOTALSA,2020-03-09,2020-03-09,Total Vehicle Sales,1976-01-01,2020-02-01,Monthly,M,Millions of Units,Mil. of Units,Seasonally Adjusted Annual Rate,SAAR,2020-03-06 10:31:01-06,75
2018-10-01,17.999,0.157,TOTALSA,2020-03-09,2020-03-09,Total Vehicle Sales,1976-01-01,2020-02-01,Monthly,M,Millions of Units,Mil. of Units,Seasonally Adjusted Annual Rate,SAAR,2020-03-06 10:31:01-06,75
2018-11-01,17.88,-0.119,TOTALSA,2020-03-09,2020-03-09,Total Vehicle Sales,1976-01-01,2020-02-01,Monthly,M,Millions of Units,Mil. of Units,Seasonally Adjusted Annual Rate,SAAR,2020-03-06 10:31:01-06,75
2018-12-01,17.886,0.006,TOTALSA,2020-03-09,2020-03-09,Total Vehicle Sales,1976-01-01,2020-02-01,Monthly,M,Millions of Units,Mil. of Units,Seasonally Adjusted Annual Rate,SAAR,2020-03-06 10:31:01-06,75
2019-01-01,17.238,-0.648,TOTALSA,2020-03-09,2020-03-09,Total Vehicle Sales,1976-01-01,2020-02-01,Monthly,M,Millions of Units,Mil. of Units,Seasonally Adjusted Annual Rate,SAAR,2020-03-06 10:31:01-06,75
2019-02-01,17.026,-0.212,TOTALSA,2020-03-09,2020-03-09,Total Vehicle Sales,1976-01-01,2020-02-01,Monthly,M,Millions of Units,Mil. of Units,Seasonally Adjusted Annual Rate,SAAR,2020-03-06 10:31:01-06,75
2019-03-01,17.773,0.747,TOTALSA,2020-03-09,2020-03-09,Total Vehicle Sales,1976-01-01,2020-02-01,Monthly,M,Millions of Units,Mil. of Units,Seasonally Adjusted Annual Rate,SAAR,2020-03-06 10:31:01-06,75
2019-04-01,17.049,-0.724,TOTALSA,2020-03-09,2020-03-09,Total Vehicle Sales,1976-01-01,2020-02-01,Monthly,M,Millions of Units,Mil. of Units,Seasonally Adjusted Annual Rate,SAAR,2020-03-06 10:31:01-06,75
2019-05-01,17.933,0.884,TOTALSA,2020-03-09,2020-03-09,Total Vehicle Sales,1976-01-01,2020-02-01,Monthly,M,Millions of Units,Mil. of Units,Seasonally Adjusted Annual Rate,SAAR,2020-03-06 10:31:01-06,75
2019-06-01,17.705,-0.228,TOTALSA,2020-03-09,2020-03-09,Total Vehicle Sales,1976-01-01,2020-02-01,Monthly,M,Millions of Units,Mil. of Units,Seasonally Adjusted Annual Rate,SAAR,2020-03-06 10:31:01-06,75
2019-07-01,17.442,-0.263,TOTALSA,2020-03-09,2020-03-09,Total Vehicle Sales,1976-01-01,2020-02-01,Monthly,M,Millions of Units,Mil. of Units,Seasonally Adjusted Annual Rate,SAAR,2020-03-06 10:31:01-06,75
2019-08-01,17.512,0.07,TOTALSA,2020-03-09,2020-03-09,Total Vehicle Sales,1976-01-01,2020-02-01,Monthly,M,Millions of Units,Mil. of Units,Seasonally Adjusted Annual Rate,SAAR,2020-03-06 10:31:01-06,75
2019-09-01,17.723,0.211,TOTALSA,2020-03-09,2020-03-09,Total Vehicle Sales,1976-01-01,2020-02-01,Monthly,M,Millions of Units,Mil. of Units,Seasonally Adjusted Annual Rate,SAAR,2020-03-06 10:31:01-06,75
2019-10-01,17.046,-0.677,TOTALSA,2020-03-09,2020-03-09,Total Vehicle Sales,1976-01-01,2020-02-01,Monthly,M,Millions of Units,Mil. of Units,Seasonally Adjusted Annual Rate,SAAR,2020-03-06 10:31:01-06,75
2019-11-01,17.447,0.401,TOTALSA,2020-03-09,2020-03-09,Total Vehicle Sales,1976-01-01,2020-02-01,Monthly,M,Millions of Units,Mil. of Units,Seasonally Adjusted Annual Rate,SAAR,2020-03-06 10:31:01-06,75
2019-12-01,17.159,-0.288,TOTALSA,2020-03-09,2020-03-09,Total Vehicle Sales,1976-01-01,2020-02-01,Monthly,M,Millions of Units,Mil. of Units,Seasonally Adjusted Annual Rate,SAAR,2020-03-06 10:31:01-06,75
2020-01-01,17.361,0.202,TOTALSA,2020-03-09,2020-03-09,Total Vehicle Sales,1976-01-01,2020-02-01,Monthly,M,Millions of Units,Mil. of Units,Seasonally Adjusted Annual Rate,SAAR,2020-03-06 10:31:01-06,75
2020-02-01,17.295,-0.066,TOTALSA,2020-03-09,2020-03-09,Total Vehicle Sales,1976-01-01,2020-02-01,Monthly,M,Millions of Units,Mil. of Units,Seasonally Adjusted Annual Rate,SAAR,2020-03-06 10:31:01-06,75
